Monitor - Gender Equality,,,,,,,,,,
Date,Development,Forecast,Signpost,Slider Score,Sector Impacted,Who is impacted?,National Security Considerations,Link,Additional Link and/or note,Domains of Assessment
1/20/2025,Executive order establishing 90-day pause on foreign assistance ,Diplomatic Disruption,"Signpost - US withdrawal from or defunding of international organizations advancing gender, LGBTQ+, or reproductive rights",3,International/Multilateral,"women and LGBTQ+ beneficiaries, international gender rights organizations",no,https://www.whitehouse.gov/presidential-actions/2025/01/reevaluating-and-realigning-united-states-foreign-aid/,,Procedural/Institutional
1/20/2025,"President Trump issued an executive order stating that there are only two biologically distinct genders, that federal agencies musu use the term ""sex"" instead of gender,"" and ending gender-related medical treatments for transgender people in prison among other protections.",Political Disruption,"Signpost - Legislative or executive actions restricting reproductive, gender, or workplace rights",4,Federal Executive,"trans and non-binary inmates, transgender and gender-diverse individuals",no,https://www.whitehouse.gov/presidential-actions/2025/01/defending-women-from-gender-ideology-extremism-and-restoring-biological-truth-to-the-federal-government/,https://www.nytimes.com/2025/01/23/us/trump-transgender-inmates-prison.html?utm_source=substack&utm_medium=email,Procedural/Institutional
1/20/2025,"President Trump issued an executive order effectively repealing Biden's executive orders, including those that safeguarded LGBTQ+ protections, moving away from norms of gender/sexual equality.",Political Disruption,"Signpost - Legislative or executive actions restricting reproductive, gender, or workplace rights",4,Federal Executive,transgender and gender-diverse individuals,no,https://www.whitehouse.gov/presidential-actions/2025/01/initial-rescissions-of-harmful-executive-orders-and-actions/,,Procedural/Institutional
1/21/2025,"The Trump administration shut down reproductiverights.gov, a website with helpful reproductive rights information. ",Political Disruption,Signpost - Public information and data erasure in government systems,3,Federal Governance / Public Institutions,women and girls,no,https://www.usatoday.com/story/news/politics/2025/01/21/reproductive-rights-government-website-shut-down/77846157007/?utm_source=substack&utm_medium=email,,Material Impact
1/22/2025,"Governor Gretchen Whitmer has signed 16 bills to expand reproductive freedom across the state, including one that allows pharmacists to directly prescribe and dispense contraceptives. The package of bills allows women to more easily access critical health care by lowering costs and cutting “unnecessary red tape.” The Governor’s office says the bills also bolster her commitment to advancing reproductive freedoms here in Michigan, allowing more Michiganders to control if, when, and how they choose to start their families.",Political Progression ,"Signpost - State or federal policy actions that establish, reinstate, or expand gender, reproductive, or LGBTQ+ protections",-4,State Government,"women and girls, Reproductive healthcare patients and providers",no,https://www.wilx.com/2025/01/22/gov-whitmer-signs-16-bills-expanding-reproductive-freedom/,,Procedural/Institutional
1/22/2025,"Senate Democrats blocked a Republican-written bill on Wednesday that could subject some doctors who perform abortions to criminal penalties, thwarting the G.O.P.’s first attempt to restrict reproductive rights since the party has secured its governing trifecta.",Political Progression ,"Signpost - State or federal policy actions that establish, reinstate, or expand gender, reproductive, or LGBTQ+ protections",-3,Federal Legislative,"Healthcare practitioners, Reproductive healthcare patients and providers",no,https://www.nytimes.com/2025/01/22/us/politics/senate-abortion-vote-republicans.html,,Procedural/Institutional
1/22/2025,"During a Senate Veterans’ Affairs Committee hearing yesterday, Ranking Member Richard Blumenthal (D-CT) pressed Doug Collins, the nominee to be Secretary of Veterans Affairs, to commit to protecting veterans’ access to reproductive care under the Department of Veterans Affairs’ (VA) current rule to offer abortion counseling and care in certain cases.“I expect the Administration to consider the existing rule legally binding, unless it is replaced or struck down,” said Blumenthal. “I believe that rolling back this policy would unnecessarily risk the lives and health of pregnant veterans in states with abortion bans and care restrictions in the post-Dobbs era.”",Status Quo,,0,Federal Legislative,Women servicemembers or veterans,no,https://www.veterans.senate.gov/2025/1/icymi-blumenthal-pushes-collins-to-protect-veterans-reproductive-rights,,Discursive/Symbolic
1/23/2025,President Trump issued an executive order pardoning 23 anti-abortion protesters the day before the March for Life rally.,Political Disruption,Signpost - Increased use of executive orders to circumvent legislative and judicial constraints,4,Federal Executive,Human rights advocates/activists,no,https://www.nbcnews.com/politics/donald-trump/trump-pardons-anti-abortion-protestors-day-annual-march-life-rally-rcna189038?utm_source=substack&utm_medium=email,,Discursive/Symbolic
1/23/2025,"President Trump issued an executive order terminating DEIA programs in the federal government. On Tuesday, U.S. Office of Personnel Management (OPM) acting director Charles Ezell sent a memo to agency leaders ordering them to place all employees of DEIA offices on paid administrative leave no later than 5 p.m. Wednesday. Agencies were also told to send agency-wide notices ""asking employees if they know of any efforts to disguise these programs by using coded or imprecise language.""",Political Disruption,Signpost - Politicization or repurposing of protective institutions for political objectives,4,Federal Executive,federal workforce,yes,https://www.npr.org/2025/01/23/nx-s1-5271588/trump-dei-diversity-equity-inclusion-federal-workers-government?utm_source=substack&utm_medium=email,,Procedural/Institutional
1/24/2025,"Less than a week after being sworn in as Donald Trump’s vice-president, former U.S. Sen. JD Vance of Ohio told a National March for Life rally by the Washington Monument that the new administration stands “with you, and most importantly we stand with the most vulnerable.” “I want more babies in the United States of America,” the Cincinnati Republican said in his first public address as vice president. “I want more happy children in our country and I want beautiful young men and women who are eager to welcome them into the world and eager to raise them.”",Status Quo,,0,Federal Executive,Reproductive healthcare patients and providers,no,https://www.cleveland.com/news/2025/01/i-want-more-babies-in-america-jd-vance-says-in-his-first-public-address-as-vice-president.html,,Discursive/Symbolic
1/25/2025,"The US State Department has frozen nearly all foreign assistance worldwide, effective immediately, days after President Donald Trump issued a sweeping executive order Monday to put a hold on such aid for 90 days.",Diplomatic Disruption,"Signpost - US withdrawal from or defunding of international organizations advancing gender, LGBTQ+, or reproductive rights",4,Federal Agencies,"women and LGBTQ+ beneficiaries, international gender rights organizations",no,https://www.cnn.com/2025/01/24/politics/us-freezes-foreign-aid,,Procedural/Institutional
1/25/2025,"Secretary of State Marco Rubio has directed the State Department to freeze applications in the passport pipeline with “X” selected as the gender identifier, according to internal communication reviewed by ABC News.
",Hybrid Political/Social Disruption,Signpost - Changes to legal recognition of gender and family structure ,3,Federal Agencies,transgender and gender-diverse individuals,no,https://abcnews.go.com/US/state-department-halts-passport-gender-marker-applications/story?id=118062178,,Material Impact
1/26/2025," Michigan’s hate crime law will soon be expanded to protect sexual orientation, gender identity or expression, age, disability and more. The first overhaul to the law in about 36 years will also stiffen the criminal and possible civil penalties for committing a hate crime and expand the definition of hate crimes. The changes, signed into law Wednesday by Gov. Gretchen Whitmer, take effect April 2.",Political Progression ,"Signpost - State or federal policy actions that establish, reinstate, or expand gender, reproductive, or LGBTQ+ protections",-3,State Government,"transgender and gender-diverse individuals, LGBTQ+ individuals",no,https://www.pbs.org/newshour/show/study-finds-gender-affirming-care-for-minors-is-very-rare-refuting-political-narrative,https://www.mlive.com/politics/2025/01/gender-identity-sexuality-to-be-protected-under-michigans-hate-crime-law.html,Procedural/Institutional
1/27/2025,"Days after President Trump issued an executive order (EO) taking aim at diversity, equity, and inclusion (DEI) programs and prohibiting federal recognition of gender identity apart from biological sex, previously issued draft guidance on diversity in clinical trials was removed from the website of the U.S. Food and Drug Administration (FDA). While the removed guidance was in draft form, it is highly unusual for FDA to revoke or alter draft guidance without issuing a statement or further guidance. This move raises questions about the applicability of statutory obligations to submit clinical trial Diversity Action Plans and the agency’s current thinking on best practices for clinical development.",Political Disruption,Signpost - Politicization or repurposing of protective institutions for political objectives,3,Federal Agencies,Academic and public health researchers,no,https://www.crowell.com/en/insights/client-alerts/after-trump-executive-orders-fda-removes-diversity-guidance-from-website,,Procedural/Institutional
1/27/2025,Lambda Legal and the Human Rights Campaign today announced their intent to sue the Trump administration to block implementation of yet another discriminatory and dangerous attempt to bar patriotic transgender military service members from serving openly in the U.S. armed services. President Trump issued the transgender military service ban today. ,Status Quo,,0,Civil Society/NGOs,Trans military personnel,no,https://lambdalegal.org/newsroom/us_20250127_ll-and-hrc-pledge-quick-action-against-trump-administration-renewed-transgender-military-service-ban/,,Discursive/Symbolic
1/27/2025,"A transgender woman serving in a federal prison has filed a lawsuit arguing that President Donald Trump's executive order directing the U.S. government to recognize only two, unchangeable sexes and requiring inmates like her to be housed in men's prisons violates the U.S. Constitution and federal law.",Status Quo,,0,Federal Judiciary,trans and non-binary inmates,no,https://www.reuters.com/legal/transgender-inmate-sues-over-trumps-order-curtailing-lgbt-rights-2025-01-27/,,Procedural/Institutional
1/28/2025,President Trump issued an executive order banning transgender military members from being able to serve.,Hybrid Political/Security Disruption,Signpost - Removal of qualified civil servants and service members in national security sectors due to sexual orientation or gender identity,4,Federal Executive,Trans military personnel,yes,https://www.npr.org/sections/shots-health-news/2025/01/28/nx-s1-5277106/trump-executive-order-transgender-military,,Procedural/Institutional
1/29/2025,"President Trump issued an executive order calling for the restructuring of educational curriculum to return to a more ""patriotic education""; this includes incorporating directives from previous executive orders that limit protections for women and gender diverse people and nullify DEI initiatives.",Political Disruption,"Signpost - Legislative or executive actions restricting reproductive, gender, or workplace rights",4,Education Systems,"transgender and gender-diverse youth, youth, Education practitioners",no,https://www.whitehouse.gov/presidential-actions/2025/01/ending-radical-indoctrination-in-k-12-schooling/,,Procedural/Institutional
1/29/2025,"The Trump administration ordered federal agencies to scrub mentions of ""gender ideology"" in contracts, job descriptions and social media accounts in line with an executive order forcing the government to recognize only two sexes. A memo issued Wednesday by the U.S. Office of Personnel Management gives guidance on carrying out an executive order by President Donald Trump requiring federal agencies to ""recognize women are biologically female, and men are biologically male.""",Political Disruption,"Signpost - Legislative or executive actions restricting reproductive, gender, or workplace rights",3,Federal Agencies,"transgender and gender-diverse individuals, federal workforce, trans and non-binary federal workforce",indirect,https://www.reuters.com/world/us/trump-orders-agencies-scrub-gender-ideology-contracts-websites-2025-01-30/,,Procedural/Institutional
1/30/2025,"Executive Order 14168 of January 20, 2025 -Defending Women From Gender Ideology Extremism and Restoring Biological Truth to the Federal Government",Political Disruption,"Signpost - Legislative or executive actions restricting reproductive, gender, or workplace rights",4,Federal Executive,"transgender and gender-diverse youth, transgender and gender-diverse individuals",no,https://www.federalregister.gov/documents/2025/01/30/2025-02090/defending-women-from-gender-ideology-extremism-and-restoring-biological-truth-to-the-federal,,Procedural/Institutional
1/30/2025,"As the White House implements President Donald Trump’s executive orders, some public health groups and state and local health departments have been ordered to “immediately terminate” all programs and activities promoting diversity, equity and inclusion that are supported by certain funding through the US Centers for Disease Control and Prevention, according to two people in the public health field who received the memo.
",Political Disruption,Signpost - Politicization or repurposing of protective institutions for political objectives,3,Federal Governance / Public Institutions,"Marginalized ethnicity groups, women and girls, LGBTQ+ individuals",no,https://www.cnn.com/politics/live-news/rfk-jr-hearing-trump-news-01-30-25,,Material Impact
1/31/2025,"Memorandum for NASA Acquisition Workforce - This guidance directed agencies to take immediate action to identify and terminate gender ideology initiatives and programs and remove final or pending documents, directives, orders, materials, and such plans issued by agencies that conflict with the signed Executive Order. Effective immediately, the procurement, grant, cooperative agreement, and advertisement of gender ideological activities is prohibited",Political Disruption,Signpost - Public information and data erasure in government systems,3,Federal Agencies,"federal workforce, trans and non-binary federal workforce",no,https://www.nasa.gov/wp-content/uploads/2025/01/agency-memo-defending-women.pdf?emrc=3f64db,,Procedural/Institutional
1/31/2025,"Officials at the U.S. Centers for Disease Control and Prevention and other federal health agencies are scrubbing or taking down webpages, forms and programs that reflect ""gender ideology extremism"" on Friday to conform with an executive order that recognizes only two sexes: male and female.",Political Disruption,Signpost - Public information and data erasure in government systems,3,Federal Agencies,"federal workforce, trans and non-binary federal workforce",no,https://www.reuters.com/world/us/us-health-agencies-scrubbing-websites-remove-gender-ideology-2025-01-31/,,Material Impact
1/31/2025,"Multiple US government agencies have ordered employees “to remove gender identifying pronouns from email signature blocks by 5:00 PM” on Friday, according to internal emails seen by CNN.",Hybrid Political/Social Disruption,Signpost - Changes to legal recognition of gender and family structure ,2,Federal Agencies,federal workforce,no,https://www.cnn.com/2025/01/31/politics/us-government-agencies-order-employees-to-remove-gender-pronouns-from-email-signatures,,Discursive/Symbolic
1/31/2025,The Trump administration reinstated Title IX policies from his previous term. Such policies include narrowing the definition of sexual assault and the complication of legal procedures for reporting and prosecuting sexual assault cases.,Hybrid Political/Social Disruption,Signpost - Reduction of protections against gender-based violence ,3,Education Systems,"survivors of sexual violence, women and girls",no,https://www.chronicle.com/article/4-years-later-trumps-title-ix-rule-is-back-its-whiplash-for-colleges,Background info on Title IX: https://www.suno.edu/page/what-is-title-ix,Procedural/Institutional
2/1/2025,"Government agency webpages about HIV, LGBTQ+ people and multiple other public health topics were down as of Friday evening due to President Donald Trump's executive orders aimed at gender ideology and diversity, equity and inclusion. Some of the terms being flagged for removal include pregnant people, chestfeeding, diversity, DEI and references to vaccines, health and gender equity, according to officials at the Centers for Disease Control and Prevention who spoke to ABC News on the condition of anonymity.",Political Disruption,Signpost - Public information and data erasure in government systems,3,Federal Agencies,"women and girls, LGBTQ+ individuals",no,https://abcnews.go.com/Health/multiple-health-agency-websites-hiv-contraception-comply-executive/story?id=118335484,,Material Impact
2/1/2025,"Today, Rep. Mark Takano (CA-39), Chair of the Congressional Equality Caucus, released the following statement in response to the Trump Administration’s censorship of transgender-inclusive and other LGBTQI+ resources across the federal government: “Trump’s censorship of information about trans people and other resources for LGBTQI+ people is just the latest part of his crusade to undermine the health, wellbeing, and civil rights of transgender people, as well as LGBTQI+ people and minorities more broadly,” said Rep. Mark Takano, Chair of the Congressional Equality Caucus. “The Trump Administration is weaponizing the federal government against the transgender community and minorities—just like Project 2025’s plan told him to. Trump’s efforts to censor the ‘T’ from ‘LGBT,’ however, can’t remove trans people from our community, and won’t divide us. We must stand united against this hate. Republicans in Congress who are silent on Trump’s gross abuses of federal power to target minorities are complicit in the damage and pain his attacks are causing Americans.”",Status Quo,,-1,Federal Legislative,"transgender and gender-diverse individuals, LGBTQ+ individuals",no,https://equality.house.gov/media-center/press-releases/trumps-efforts-censor-t-lgbt-cant-remove-trans-people-our-community,,Discursive/Symbolic
2/1/2025,"A leading New York City hospital system has begun canceling appointments for transgender children following President Trump’s executive order threatening to withhold federal funding to hospitals that provide gender-affirming treatments, according to the children’s parents. The hospital system, NYU Langone Health, has not made any public announcements. But word spread among parents of trans children after the hospital canceled appointments for two 12-year-olds who had been scheduled to receive implants that dispense puberty-blocking medication.",Social Disruption ,"Signpost - Service withdrawal or denial driven by anticipated legal, financial, or political retaliation",2,Healthcare Systems,transgender and gender-diverse youth,no,https://www.nytimes.com/2025/02/01/nyregion/nyu-langone-hospital-trans-care-youth.html,,Material Impact
2/2/2025,"The Department of Health and Human Services directed recipients of grant funding from the Centers for Disease Control and Prevention to immediately halt all programs, personnel and activities related to ""gender ideology,"" according to an email obtained by ABC News.",Political Disruption,Signpost - Politicization or repurposing of protective institutions for political objectives,3,Federal Agencies,"LGBTQ+ individuals, transgender and gender-diverse individuals, federal workforce",no,https://abcnews.go.com/Politics/live-updates/trump-2nd-term-live-updates-executive-action-plans/?id=117934786,,Procedural/Institutional
2/3/2025,More than 8000 US government websites were taken down last week after all government departments and agencies were ordered to on Wednesday 29 January to “end all agency programs that use taxpayer money to promote or reflect gender ideology.” They were given until 5 pm on Friday 31 January to do so.1,Political Disruption,Signpost - Public information and data erasure in government systems,4,Federal Agencies,"LGBTQ+ individuals, transgender and gender-diverse individuals",no,https://www.bmj.com/content/388/bmj.r233,,Material Impact
2/3/2025,"On Friday, the Centers for Disease Control and Prevention purged from its website thousands of pages that included terms such as “transgender,” “L.G.B.T.” and “pregnant person,” to comply with an executive order barring any material that promoted “gender ideology.” By Monday, some of the pages had reappeared, in part in response to intense media coverage, backlash from the scientific community and concern for the public’s health, according to a senior official with knowledge of the matter.",Political Disruption,Signpost - Public information and data erasure in government systems,3,Federal Agencies,"women and girls, LGBTQ+ individuals, transgender and gender-diverse individuals",no,https://www.nytimes.com/2025/02/03/health/trump-gender-ideology-research.html ,,Material Impact
2/4/2025,"A Los Angeles health clinic says it’s losing federal funding as a result of President Donald Trump’s executive orders targeting transgender people. St. John’s Community Health, one of the largest free and reduced-cost providers in Los Angeles, reported that the Centers for Disease Control and Prevention on Friday terminated a $1.6 million grant that was supposed to support its transgender health and social services program.",Economic Disruption ," Signpost - Cuts  or divestments in federal scientific, evidence-based research, or mass media related to equity, gender, or social policy",3,Healthcare Systems,transgender and gender-diverse individuals,no,https://calmatters.org/health/2025/02/trump-executive-order-transgender-health/,,Material Impact
2/4/2025," Transgender young adults and families with transgender youth joined PFLAG National and GLMA in a federal legal challenge against an executive order from the Trump administration attempting to shut down access to necessary medical care for transgender people under 19 nationwide.
",Status Quo,,0,Federal Judiciary,transgender and gender-diverse youth,no,https://www.aclu.org/press-releases/families-and-advocates-sue-trump-administration-over-executive-order-seeking-to-restrict-access-to-gender-affirming-care,,Procedural/Institutional
2/5/2025,"Executive Order titled ""Keeping Men Out of Women’s Sports,"" prohibiting IX funds from being dispersed to institutions that allow transgender students to participate on sports teams. 
",Political Disruption,"Signpost - Legislative or executive actions restricting reproductive, gender, or workplace rights",4,Federal Executive,transgender and gender-diverse youth,no,https://www.whitehouse.gov/presidential-actions/2025/02/keeping-men-out-of-womens-sports/,https://www.nbcnews.com/nbc-out/out-politics-and-policy/trump-executive-order-ban-trans-women-sports-rcna190767,Procedural/Institutional
2/5/2025,New York Attorney General Letitia James today joined a coalition of 13 attorneys general to reaffirm their commitment to protecting access to gender-affirming care in the face of the Trump administration’s recent Executive Order.,Political Progression ,"Signpost - State or federal policy actions that establish, reinstate, or expand gender, reproductive, or LGBTQ+ protections",-2,State Government,transgender and gender-diverse individuals,no,https://ag.ny.gov/press-release/2025/attorney-general-james-and-coalition-13-attorneys-general-issue-joint-statement,,Procedural/Institutional
2/6/2025,"One week after EO 14168 was issued, on January 28, 2025, Acting Chair of the U.S. Equal Employment Opportunity Commission (EEOC), Andrea Lucas, “announced the agency is returning to its mission of protecting women from sexual harassment and sex-based discrimination in the workplace.” Citing EO 14168, Acting Chair Lucas took a number of actions, including: Announcing the EEOC will prioritize defending the “biological and binary reality of sex and related rights, including women’s rights to single-sex spaces at work”; and Removed materials promoting “gender ideology” on the EEOC’s internal and external websites.
",Political Disruption,Signpost - Politicization or repurposing of protective institutions for political objectives,2,Federal Agencies,"transgender and gender-diverse individuals, women and girls",no,https://www.swlaw.com/publication/president-trumps-executive-order-enforcing-binary-gender-recognition-marks-significant-policy-shift-and-employment-impact/,,Material Impact
2/7/2025,"President Donald Trump’s administration is switching positions in a major Supreme Court case on transgender rights, backing away from the Biden administration’s opposition to Tennessee’s ban on gender-affirming care for minors.",Political Disruption,"Signpost - Judicial challenges seeking to weaken, reinterpret, or overturn gender-related civil rights precedents",2,Federal Executive,transgender and gender-diverse youth,no,https://www.cnn.com/2025/02/07/politics/supreme-court-lgbtq-skrmetti-switch,,Procedural/Institutional
2/7/2025,"Oregon’s attorney general is joining a lawsuit against the Trump administration over an executive order that aims to block access to gender-affirming care for children and young adults. The order, which was signed by President Donald Trump on Jan. 28, seeks to cut off federal funding from institutions that provide hormone therapy, puberty blockers and surgical treatment for people under 19.",Political Progression ,Signpost - State-level legal challenges seeking to block or overturn federal gender restrictive actions,-2,State Government,transgender and gender-diverse youth,no,https://www.opb.org/article/2025/02/07/oregon-washington-lawsuit-trump-order-transgender-health-care/,,Procedural/Institutional
2/7/2025,"Following an executive order from President Donald Trump barring people from updating the sex designation on their passports, seven people have filed a federal lawsuit challenging the State Department’s refusal to issue passports with accurate sex designations.",Status Quo,,0,Federal Judiciary,transgender and gender-diverse individuals,no,https://www.aclu.org/press-releases/transgender-and-nonbinary-people-take-trump-to-court-over-passport-restrictions,https://www.wcvb.com/article/aclu-trangender-passport-lawsuit-trump-boston-federal-court/63723440,Procedural/Institutional
2/7/2025,"On February 6, 2025, the National Collegiate Athletic Association (NCAA) announced its new policy, prohibiting athletes assigned male at birth from participating in women’s sports competitions, aligning the NCAA eligibility rules with President Donald Trump’s recent executive order (EO) barring transgender athletes from women’s sports. The new rules reverse a prior policy of allowing athletes to participate in accordance with their gender identity.",Social Disruption ,Signpost - Institutional adoption of gender-restrictive participation policies in education and sports,3,Education Systems,trans and non binary athletes,no,https://ogletree.com/insights-resources/blog-posts/ncaa-bars-transgender-athletes-from-womens-sports-aligning-with-president-trumps-executive-order/?_gl=1*1tj5h6l*_up*MQ..*_ga*MTk0MTE2OTc5OS4xNzYzNDY2MjM4*_ga_V4WT9JNBFT*czE3NjM0NjYyMzgkbzEkZzAkdDE3NjM0NjYyMzgkajYwJGwwJGgw,,Procedural/Institutional
2/7/2025,"The decision by President Donald Trump to exclude transgender girls and women from female sports has triggered what is likely to be a long, complex clash with global sports authorities as the United States counts down to the 2028 Los Angeles Olympics.",Social Disruption ,Signpost - Institutional adoption of gender-restrictive participation policies in education and sports,3,International/Multilateral,trans and non binary athletes,indirect,https://www.reuters.com/sports/olympics/trump-order-transgender-athletes-clashes-with-international-norms-2025-02-07/,,Societal Behavior and Norms
2/7/2025,"Late last week, George Washington University (GWU) cancer researcher Mandi Pratt-Chapman received a shocking phone call. Because of an executive order by President Donald Trump that has widely disrupted research related to gender or diversity being done by federal workers or U.S.-funded scientists, she and her colleagues had been ordered to immediately stop work on a large-scale cancer study funded by the U.S. National Institutes of Health (NIH). The project, which explores the best ways to collect information on sexual orientation and gender identity of cancer patients, was already one-third of the way through data collection.
",Social Disruption ,"Signpost - Service withdrawal or denial driven by anticipated legal, financial, or political retaliation",2,Education Systems,Academic and public health researchers,no,https://www.science.org/content/article/how-cancer-researcher-lost-gender-related-grant-trump-s-executive-orders,,Material Impact
2/8/2025,"U.S. officials on Friday sought to expunge any references to diversity, equity, and inclusion, or DEI, and “gender ideology” in a series of UNICEF work programs in Colombia, Ethiopia, Iraq, Paraguay, and Rwanda.",Diplomatic Disruption,Signpost - US foreign policy actions or statements aligning with domestic conservative agendas on gender and sexuality ,3,International/Multilateral,"women and LGBTQ+ beneficiaries, Marginalized ethnicity groups",no,https://www.devex.com/news/exclusive-the-trump-administration-takes-war-on-dei-and-gender-global-109337,,Discursive/Symbolic
2/8/2025,The National Institutes of Health announced Friday that the agency is making cuts to grants that support research institutions by limiting the amount of indirect funding for research projects to just 15%.,Economic Disruption ," Signpost - Cuts  or divestments in federal scientific, evidence-based research, or mass media related to equity, gender, or social policy",2,Federal Agencies,Academic and public health researchers,no,https://www.nbcnews.com/politics/politics-news/nih-announces-slashing-funding-indirect-research-costs-rcna191337,,Material Impact
2/8/2025,"The U.S. Department of Education told employees late Friday that it will end all programs, contracts and policies that “fail to affirm the reality of biological sex,” carrying out President Donald Trump’s vow to restrict transgender rights.",Political Disruption,Signpost - Politicization or repurposing of protective institutions for political objectives,3,Federal Agencies,transgender and gender-diverse individuals,no,https://www.propublica.org/article/department-of-education-transgender-students-email,,Material Impact
2/9/2025,"The National Academies of Sciences, Engineering and Medicine is an independent, 162-year-old nongovernmental agency tasked with investigating and reporting on a wide range of subjects. In recent years, diversity, equity and inclusion — collectively known as D.E.I. — have been central to its agenda. But the Academies’ priorities changed abruptly on Jan. 31. Shortly after receiving a “stop work” order from the Trump administration, the institute closed its Office of Diversity and Inclusion, removed prominent links to its work on D.E.I. from its website’s homepage and paused projects on related themes.",Social Disruption ,"Signpost - Service withdrawal or denial driven by anticipated legal, financial, or political retaliation",2,Education Systems,Academic and public health researchers,no,https://www.nytimes.com/2025/02/09/science/trump-dei-science.html,,Material Impact
2/10/2025,"On Friday, February 7, leaders from the Democratic Women’s Caucus hosted a press conference to address the constant attacks on women and families by President Trump, Republicans, and Elon Musk since January 20. DWC Vice Chair Hillary Scholten (MI-03), Communications Task Force Co-Chair Shontel Brown (OH-11), Whip Nikema Williams (GA-05), Policy Task Force Co-Chair Deborah Ross (NC-02), Reproductive Health Care Task Force Co-Chair & Liaison Judy Chu (CA-28), Member April McClain Delaney (MD-06), Chair Emerita Lois Frankel (FL-22), and DWC Member Julia Brownley (CA-26) also affirmed that the Caucus will always stand and fight for women and families.",Political Progression ,"Signpost - State or federal policy actions that establish, reinstate, or expand gender, reproductive, or LGBTQ+ protections",-1,Federal Legislative,"women and girls, elected officials",no,https://juliabrownley.house.gov/democratic-womens-caucus-leaders-condemned-trumps-attacks-pledged-to-stand-for-women-and-families/,,Discursive/Symbolic
2/10/2025,"The White House issued a press release pointing to hospitals that had immediately canceled appointments: NYU Langone in New York City, UCHealth in Denver, Children's National in Washington, D.C., and others.",Social Disruption ,"Signpost - Service withdrawal or denial driven by anticipated legal, financial, or political retaliation",2,Healthcare Systems,"Healthcare practitioners, transgender and gender-diverse individuals",no,https://www.npr.org/sections/shots-health-news/2025/02/10/nx-s1-5292390/trump-transgender-gender-affirming-care-hospital,,Material Impact
2/11/2025,"Representative Sara Jacobs introduced the Protect U.S. National Security Act. The legislation reiterates that any USAID reform should abide by existing laws and not harm American soft power, prohibits the use of funds to eliminate USAID as an independent agency, and requires annual certification of this prohibition by the Secretary of State. The legislation currently has 21 co-sponsors. The legislation would protect USAID initiatives, including those that protect LGBTQ+ individuals and women.",Status Quo,,-1,Federal Legislative,"women and LGBTQ+ beneficiaries, federal workforce",no,https://sarajacobs.house.gov/news/press-releases/rep-sara-jacobs-introduces-legislation-to-protect-usaid,,Procedural/Institutional
2/12/2025,"President Donald Trump’s Department of Education on Wednesday announced that it is opening a Title IX investigation into the California Interscholastic Federation, a statewide governing body that oversees sports at more than 1,500 high schools, for its policy of allowing transgender girls to play female sports.",Political Disruption,Signpost - Federal agency intervention targeting states resisting discriminatory federal policies,2,Federal Agencies,transgender and gender-diverse youth,no,https://www.sacbee.com/news/politics-government/capitol-alert/article300223539.html,,Procedural/Institutional
2/12/2025,"On February 12, 2025, the U.S. Department of Education under the Trump administration rescinded recent guidance that name, image, and likeness (NIL) payments to college athletes implicate the gender equal opportunity requirements of Title IX of the Education Amendments of 1972.",Political Disruption,"Signpost - Legislative or executive actions restricting reproductive, gender, or workplace rights",2,Federal Agencies,women and girls,no,https://ogletree.com/insights-resources/blog-posts/trump-administration-says-title-ix-does-not-apply-to-nil-pay-rescinds-recent-guidance/,,Material Impact
2/12/2025,"The National Endowment for the Arts is telling arts groups not to use federal funds to promote “diversity, equity and inclusion” or “gender ideology” in ways that run afoul of President Trump’s executive orders — causing confusion and concern.",Political Disruption,Signpost - Politicization or repurposing of protective institutions for political objectives,2,Cultural/Media Institutions,"Marginalized ethnicity groups, women and girls, LGBTQ+ individuals, transgender and gender-diverse individuals",no,https://www.nytimes.com/2025/02/12/arts/nea-dei-gender.html,,Material Impact
2/12/2025,The U.S. agency that oversees Medicare is taking out questions on enrollment application forms that ask people about their sexual orientation and gender identity.,Political Disruption,Signpost - Public information and data erasure in government systems,2,Federal Agencies,transgender and gender-diverse individuals,no,https://www.statnews.com/2025/02/12/medicare-enrollment-forms-remove-gender-sexual-orientation-trump-order/,,Material Impact
2/12/2025,"An apparent attempt by the U.S. Census Bureau to follow an executive order by President Trump targeting gender identity led to the public losing access for days to certain key statistics. Close to two weeks after users first noticed many parts of the bureau's website — like those of other agencies — had gone dark, the federal government's largest statistical agency has yet to make any public statement about the disappearing data and research, at least some of which now appears to be restored.",Political Disruption,Signpost - Public information and data erasure in government systems,2,Federal Agencies,Academic and public health researchers,no,https://www.npr.org/2025/02/12/nx-s1-5289329/us-census-bureau-survey-data,,Material Impact
2/12/2025,"A federal judge on Tuesday ordered the Department of Health and Human Services, Centers for Disease Control and Prevention and Food and Drug Administration to restore webpages and data that had been scrubbed in compliance with President Trump's executive order on gender ideology while litigation moves forward.",Political Progression ,"Signpost - Judicial rulings or injuctions that reinforce, expand, or affirm gender, reproductive, or LGBTQ+ rights",-3,Federal Judiciary,Academic and public health researchers,no,https://www.cbsnews.com/news/judge-orders-hhs-cdc-fda-restore-deleted-webpages-health-information/,,Procedural/Institutional
2/12/2025,"Two transgender girls who attend high school in New Hampshire challenged the Trump administration’s recent executive order banning transgender girls and women from participating in girls’ sports, according to a court filing.
",Status Quo,,0,Federal Judiciary,trans and non binary athletes,no,https://www.cnn.com/2025/02/12/us/transgender-girls-athletes-trump-lawsuit,,Procedural/Institutional
2/12/2025,"In response to US President Donald Trump's actions against transgender, Deloitte US has now made changes to its policies. According to Financial Times report, the firm has instructed consultants in its government and public services division to remove gender pronouns from their email signatures, citing the need to ""align with new government client practices and requirements."" In addition to this, Deloitte US has also announced that it would discontinue its diversity goals, yearly diversity, equity, and inclusion (DEI) reports, and DEI programs, the FT reportstated.",Status Quo,,-1,Corporate/Private Sector,Trans and gender-diverse workforce,no,https://www.ft.com/content/1230c47d-6b93-4b8d-8f2a-175b7e01c31e,,Societal Behavior and Norms
2/13/2025,"A federal judge ordered the Trump administration to restore funding for hundreds of foreign aid contractors who say they’ve been devastated by President Donald Trump’s abrupt — and, in their view, illegal — 90-day blanket freeze.
",Diplomatic Progression ,"Signpost - Reaffirming support of international organizations supporting gender, LGBTQ+, and reproductive rights",-2,Federal Judiciary,"federal workforce, US- funded civil society organizations",no,https://www.politico.com/news/2025/02/13/foreign-aid-funding-trump-administration-00204289,,Procedural/Institutional
2/13/2025,"Outright International released its Defunding Freedom report detailing the impacts of U.S. foreign aid cuts on LGBTQ+ people globally. Such impacts include the termination of grants, the shuttering of programs, and the cessation of life-saving services.",Diplomatic Disruption,"Signpost - US withdrawal from or defunding of international organizations advancing gender, LGBTQ+, or reproductive rights",3,International/Multilateral,"women and LGBTQ+ beneficiaries, international gender rights organizations",no,https://outrightinternational.org/our-work/human-rights-research/defunding-freedom-impacts-us-foreign-aid-cuts-lgbtiq-people?mc_cid=f63f3a9171&mc_eid=3c347d0340&mc_cid=f63f3a9171&mc_eid=3c347d0340,,Material Impact
2/13/2025,"A federal judge temporarily blocked President Donald Trump’s recent executive order aimed at restricting gender-affirming health care for transgender people under age 19.
",Political Progression ,"Signpost - Judicial rulings or injuctions that reinforce, expand, or affirm gender, reproductive, or LGBTQ+ rights",-2,Federal Judiciary,transgender and gender-diverse youth,no,https://apnews.com/article/judge-restraining-order-trump-transgender-health-care-8f8d935a3e757a1700dfb7363a67b07b,,Procedural/Institutional
2/14/2025,The U.S. Census Bureau under the Trump administration has sought permission to delete questions about gender identity from a monthly survey that gathers near real-time data about American life. The Census Bureau two weeks ago asked the Office of Management and Budget for permission to delete questions about gender identity from the Household Trends and Outlook Pulse Survey. The agency said the request was made to align with President Donald Trump’s order stripping federal money from programs that “promote gender ideology.”,Political Disruption,Signpost - Public information and data erasure in government systems,4,Federal Agencies,transgender and gender-diverse individuals,indirect,https://apnews.com/article/lgbtq-gender-identity-census-1e3d9a89c757091ef4a29700edabbd51,,Procedural/Institutional
2/15/2025,"Signaling a major shift in civil rights enforcement, the federal agency that enforces workplace anti-discrimination laws has moved to dismiss six of its own cases on behalf of workers alleging gender identity discrimination, arguing that the cases now conflict with President Donald Trump’s recent executive order, court documents say.
",Political Disruption,Signpost - Politicization or repurposing of protective institutions for political objectives,3,Federal Agencies,transgender and gender-diverse individuals,no,https://apnews.com/article/eeoc-trump-gender-identity-discrimination-alabama-73a065c8aa5e0060472e1cac1ecd8212,,Material Impact
2/15/2025,A second federal judge on Friday paused President Donald Trump's executive order halting federal support for gender-affirming care for transgender youth under 19.,Political Progression ,"Signpost - Judicial rulings or injuctions that reinforce, expand, or affirm gender, reproductive, or LGBTQ+ rights",-2,Federal Judiciary,transgender and gender-diverse youth,no,https://www.npr.org/2025/02/15/nx-s1-5298655/gender-affirming-care-trans-youth-judge-ruling,,Procedural/Institutional
2/16/2025,"The U.S. Army has announced it will no longer allow transgender people to join the service. This was the first U.S. military branch to publicly announce the ban. On Friday, Feb. 14, the U.S. Army said it would stop accepting transgender service members and would stop performing or “facilitating procedures associated with gender transition for service members.”",Hybrid Political/Security Disruption,Signpost - Removal of qualified civil servants and service members in national security sectors due to sexual orientation or gender identity,4,US Military,Trans military personnel,yes,https://san.com/cc/army-no-longer-accepting-transgender-service-members-following-trump-order/,https://www.wbaltv.com/article/restrictions-transgender-military-service-take-effect-legal-battle/63809588,Procedural/Institutional
2/16/2025,"Protests are set to take place in several major cities across the U.S. on Monday, the Presidents Day holiday, according to activists. These demonstrations are being organized by the 50501 Movement, which stands for ""50 protests. 50 states. 1 movement."" The protests are a response to what organizers describe as ""the anti-democratic and illegal actions of the Trump administration."" This marks the second nationwide protest by the group, following an event held on Feb. 5. The protests follow a series of executive orders signed by President Trump, including actions led by billionaire Elon Musk, which have been criticized for their aims to diminish the role of the federal government.",Political Disruption,"Signpost - Mass, coordinated protests creating system-level political pressure",2,Civil Society/NGOs,local residents,indirect,https://www.npr.org/2025/02/16/nx-s1-5297117/50501-movement-presidents-day-protests-explainer,,Material Impact
2/16/2025,"On Thursday night, the National Park Service removed the words transgender and queer from the web pages of the Stonewall National Monument in New York City. The move, taken in the wake of Trump’s so-called gender ideology executive order, represented yet another step in the administration’s ongoing attempt to erase trans people from public life—and now, their own history. A 15-part video series about the Stonewall Riots—a three-day uprising against anti-queer police harassment that occurred on the site in June 1969, which is widely celebrated as galvanizing the nascent gay rights movement—was also removed, and every use of “LGBTQ+” was lopped down to “LGB.”",Political Disruption,Signpost - Public information and data erasure in government systems,2,Federal Agencies,"transgender and gender-diverse individuals, LGBTQ+ individuals",no,https://slate.com/news-and-politics/2025/02/stonewall-monument-transgender-removal-nps-website-trump-history.html,,Discursive/Symbolic
2/17/2025,The Education Department is investigating whether five Northern Virginia school districts violated Title IX and one of President Trump’s recent executive orders by allowing transgender students to use their chosen name and pronouns at school and access restrooms and locker rooms that match their gender identity.,Political Disruption,Signpost - Federal agency intervention targeting states resisting discriminatory federal policies,2,State Government,transgender and gender-diverse youth,no,https://thehill.com/homenews/lgbtq/5149578-education-department-northern-virginia-schools-transgender-students-trump-executive-order/,,Procedural/Institutional
2/17/2025,"Citing a recent executive order from President Donald Trump, the U.S. Equal Employment Opportunity Commission (EEOC) filed a joint motion Thursday to dismiss a discrimination lawsuit against Home2 Suites by Hilton Hotel in Dothan.“On January 20, 2025, President Trump issued an Executive Order titled 'Defending Women from Gender Ideology Extremism and Restoring Biological Truth to the Federal Government,‘“ the motion reads.",Political Disruption,Signpost - Politicization or repurposing of protective institutions for political objectives,2,Federal Agencies,"LGBTQ+ individuals, transgender and gender-diverse individuals",no,https://www.al.com/politics/2025/02/trump-gender-identity-order-prompts-equal-opportunity-lawyer-to-dismiss-alabama-hotel-discrimination-lawsuit.html,,Material Impact
2/17/2025,A federal judge will hear arguments Tuesday from six transgender service members and two hoping to join the military who say President Donald Trump’s executive order banning them from service violates the U.S. Constitution.,Status Quo,,0,Federal Judiciary,Trans military personnel,yes,https://www.wusa9.com/article/news/politics/federal-fallout/transgender-service-members-head-to-court-to-fight-president-donald-trump-executive-order-barring-them-from-military/65-b192f4e7-59b4-4b7f-8dd3-c0024d083874,,Procedural/Institutional
2/18/2025,"The Trump administration is pushing Romania to lift travel restrictions on Andrew Tate, a right-wing influencer and Trump backer who with his brother is facing a cascade of charges and investigations over allegations of human trafficking, money laundering and rape. Richard Grenell, a close advisor to President Donald Trump, told Romanian Foreign Minister Emil Hurezeanu during a Munich meeting last week that he ""remains interested in the fate of the Tate brothers,"" Hurezeanu told EuroNews Romania on Tuesday.",Diplomatic Disruption,Signpost - US foreign policy actions or statements aligning with domestic conservative agendas on gender and sexuality ,1,Federal Executive,survivors of sexual violence,indirect,https://www.usatoday.com/story/news/politics/2025/02/18/trump-andrew-tate-romania/79063301007/,,Discursive/Symbolic
2/18/2025,A Department of Homeland Security unit eliminated policies prohibiting personnel from conducting intelligence activities based solely on a person’s gender identity or sexual orientation. The Office of Intelligence and Analysis posted an updated policy manual late last week that removes references to those characteristics in sections that set guardrails on gathering intelligence.,Hybrid Political/Security Disruption,Signpost - Removal or reinterpretation of institutional safeguards protecting LGBTQIA+ or women's equity,2,Federal Executive,LGBTQ+ individuals,yes,https://news.bgov.com/bloomberg-government-news/trumps-dhs-loosens-sexual-orientation-based-surveillance-policy,,Procedural/Institutional
2/18/2025,"President Trump issued an executive order on Tuesday that seeks greater authority over regulatory agencies that Congress established as independent from direct White House control, part of a broader bid to centralize a president’s power over the government. The order requires independent agencies to submit their proposed regulations to the White House for review, asserts a power to block such agencies from spending funds on projects or efforts that conflict with presidential priorities, and declares that they must accept the president’s and the Justice Department’s interpretation of the law as binding.",Political Disruption,Signpost - Increased use of executive orders to circumvent legislative and judicial constraints,4,Federal Executive,federal workforce,yes,https://www.nytimes.com/2025/02/18/us/trump-executive-order-sec-ftc-fcc.html,,Procedural/Institutional
2/18/2025,"A bill published Tuesday by Rep. Nicholeen Peck, R-Tooele, would prohibit any public funds from going toward gender-transition treatments and procedures, effectively blocking transgender Medicaid recipients from care, and potentially closing one of the largest transgender health programs in the state. With “Transgender Medical Procedures Amendments,” or HB521, Utah joins several states that have seen bills introduced in the weeks following the order that would severely reduce adults’ access to gender-affirming care. Currently, according to LGBTQ+ rights-focused think tank Movement Advancement Project, 10 states have Medicaid policies that ban policies’ use toward transgender-related health care.",Political Disruption,"Signpost - Legislative or executive actions restricting reproductive, gender, or workplace rights",2,State Government,"Beneficiaries of federal programs, transgender and gender-diverse individuals",no,https://www.sltrib.com/news/politics/2025/02/18/utah-lawmaker-moves-restrict/,,Procedural/Institutional
2/18/2025,"In a heated exchange Tuesday, a federal judge pressed the Justice Department on an executive order from President Donald Trump that directed the military to stop using preferred pronouns, arguing there was no link between pronouns and military readiness.",Status Quo,,0,Federal Judiciary,Trans military personnel,no,https://www.nbcnews.com/politics/justice-department/judge-attorney-heated-exchange-pronouns-trump-transgender-military-ban-rcna192728,,Discursive/Symbolic
2/18/2025,"A bill is expected to be introduced at the statehouse soon that would make misgendering or “deadnaming” — when a transgender person is called by the name they used prior to transitioning — a specific form of discrimination and harassment. The goal for backers is to make it easier for transgender individuals to file a lawsuit or a complaint under the Colorado Anti-Discrimination Act. To do that though, the person would have to show the violation was intentionally reckless, not an honest mistake.",Status Quo,,0,State Government,"local residents, transgender and gender-diverse individuals",no,https://www.cpr.org/2025/02/18/deadnaming-transgender-harassment-bill/,,Procedural/Institutional
2/18/2025,"In one of the first signs of collective pushback to the Trump administration’s arts initiatives, several hundred American artists are calling on the National Endowment for the Arts to roll back restrictions on grants to institutions with programming that promotes diversity or “gender ideology.”",Status Quo,,-1,Cultural/Media Institutions,Arts institutions & LGBTQ+-serving cultural organizations,no,https://www.nytimes.com/2025/02/18/arts/nea-artists-letter-trump-restrictions.html,,Discursive/Symbolic
2/18/2025,Letter to New York State Department of Health on Gender Affirming Care alerting care providers that refusing to see patients based on gender identity is considered discrimination.,Status Quo,,-1,State Government,"local residents, transgender and gender-diverse individuals",no,https://www.nysenate.gov/newsroom/articles/2025/brad-hoylman-sigal/letter-new-york-state-department-health-gender-affirming,,Discursive/Symbolic
2/19/2025,"President Trump issued an executive order reducing several elements of the federal bureaucracy, including the Presidio Trust, the Inter-American Foundation, the United States African Development Foundation, and the United States Institute of Peace. ",Diplomatic Disruption,"Signpost - US withdrawal from or defunding of international organizations advancing gender, LGBTQ+, or reproductive rights",4,Federal Agencies,International aid recipients,yes,https://www.whitehouse.gov/presidential-actions/2025/02/commencing-the-reduction-of-the-federal-bureaucracy/,,Procedural/Institutional
2/19/2025,"A slew of nonprofit organizations filed a lawsuit against the Trump Administration on Wednesday in response to its Executive Orders targeting Diversity, Equity, and Inclusion (DEI) programs.",Status Quo,,0,Civil Society/NGOs,"Marginalized ethnicity groups, women and girls, LGBTQ+ individuals",no,https://time.com/7259435/civil-rights-organizations-sue-trump-administration-over-dei-gender-orders/,,Procedural/Institutional
2/20/2025,"The US Department of Health and Human Services Office for Civil Rights rescinded its 2022 guidance on gender-affirming care, patient privacy, and civil rights in complaince with the executive orders issued by President Donald Trump.",Political Disruption,Signpost - Politicization or repurposing of protective institutions for political objectives,3,Federal Agencies,"women and girls, LGBTQ+ individuals",no,https://www.hhs.gov/press-room/eo-restoring-biological-truth.html,,Procedural/Institutional
2/20/2025,"The EEOC is abandoning litigation and guidance on LGBTQ+ protections and other areas that were enforcement priorities just weeks ago. The Equal Employment Opportunity Commission in recent days filed motions to dismiss at least six transgender discrimination cases, citing President Donald Trump’s executive order recognizing only “two sexes.”
",Political Disruption,Signpost - Politicization or repurposing of protective institutions for political objectives,3,Federal Agencies,"LGBTQ+ individuals, transgender and gender-diverse individuals",no,https://news.bloomberglaw.com/daily-labor-report/trumps-return-upends-eeocs-enforcement-agenda-at-record-speed,,Procedural/Institutional
2/20/2025,"Oregon Attorney General Dan Rayfield is highlighting local, state and national resources available to the transgender community as the Trump administration issues a flurry of anti-transgender executive orders.",Political Progression ,"Signpost - State or federal policy actions that establish, reinstate, or expand gender, reproductive, or LGBTQ+ protections",-1,State Government,"local residents, transgender and gender-diverse individuals",no,https://www.kgw.com/article/news/health/oregon-doj-resources-gender-affirming-care-trump-executive-orders/283-cc289e7e-1a12-4126-82d9-535cddfedf08,,Discursive/Symbolic
2/20/2025,Some Colorado hospitals are lifting a pause and will again provide gender-affirming care to youth.,Social Progression,Signpost- Restoration of reproductive and gender-affirming services following institutional pause,-2,Healthcare Systems,transgender and gender-diverse youth,no,https://www.cpr.org/2025/02/20/some-colorado-hospitals-resume-trans-youth-gender-affirming-care/,,Material Impact
2/20/2025,"Senator Scott Wiener (D-San Francisco) introduced SB 497, legislation to strengthen landmark legal protections for California’s transgender community.",Status Quo,,0,State Government,"local residents, transgender and gender-diverse individuals",no,https://sd11.senate.ca.gov/news/senator-wiener-introduces-legislation-strengthen-landmark-state-refuge-protections-transgender,,Procedural/Institutional
2/20/2025,"Several LGBTQ rights organizations sued the Trump administration on Thursday, alleging that the president's executive orders aimed at dismantling diversity and equity programs are unconstitutional and will cripple critical programs used by Americans.
",Status Quo,,0,Civil Society/NGOs,"Marginalized ethnicity groups, transgender and gender-diverse individuals, LGBTQ+ individuals",no,https://abcnews.go.com/Politics/lgbtq-rights-groups-file-lawsuits-challenging-trumps-executive/story?id=119001549,https://thehill.com/regulation/court-battles/5156575-lgbtq-groups-sue-trump-administration/,Procedural/Institutional
2/20/2025,"University of Virginia faculty, hospital clinicians and a former and current state lawmaker are urging the governing board of Virginia’s flagship university to allow its health system to continue gender transition care for youth.",Status Quo,,0,Healthcare Systems,transgender and gender-diverse youth,no,https://www.washingtonpost.com/dc-md-va/2025/02/20/uva-transgender-youth-care-trump-eo/,,Material Impact
2/20/2025,"Some U.S. Food and Drug Administration scientists have been told to stop using the words ""woman,"" ""disabled"" and ""elderly"" in external communications, two sources familiar with the matter said, part of a list of banned terms that a White House spokesman said had misinterpreted President Donald Trump's executive order. A list with the file name ""Prohibited words"" has been circulating since at least last week in official work chats, according to two FDA scientists with direct knowledge of the matter who requested anonymity for fear of professional repercussions.",Hybrid Political/Social Disruption,Signpost - Administrative restriction of gender and identity-related language within public institutions,2,Federal Agencies,federal workforce,no,https://www.reuters.com/business/healthcare-pharmaceuticals/fda-staffers-told-that-woman-disabled-among-banned-words-white-house-says-its-an-2025-02-20/,,Societal Behavior and Norms
2/21/2025,"The U.S. Department of Justice on Friday filed a rare judicial misconduct complaint, accusing the judge hearing a challenge of President Donald Trump's ban on transgender people in the military of ""hostile and egregious misconduct."" The complaint, opens new tab said U.S. District Judge Ana Reyes in Washington, D.C., violated the judicial code of conduct by disrespecting a Justice Department lawyer and failing to uphold the integrity and impartiality of the judiciary.",Political Disruption,Signpost - Executive branch pressure on the judiciary/ intimidation of judges,2,Federal Judiciary,"Legal practitioners, Trans military personnel",indirect,https://www.reuters.com/world/us/us-justice-department-accuses-judge-reviewing-trump-transgender-military-ban-2025-02-22/,,Procedural/Institutional
2/21/2025,The civil rights division of the U.S. Department of Education announced Friday it is launching an investigation into Maine’s Department of Education over allegations that the state is defying President Donald Trump’s executive order barring transgender athletes from competing on women’s sports teams consistent with their gender identity.,Political Disruption,Signpost - Federal agency intervention targeting states resisting discriminatory federal policies,2,State Government,transgender and gender-diverse youth,no,https://mainemorningstar.com/2025/02/21/trump-administration-launches-investigation-into-maine-schools-over-transgender-policy/,,Procedural/Institutional
2/21/2025,President Trump and Governor of Maine Janet Mills argued in the White House over the state's plan to ignore his executive order banning transgender girls from girls' sports.,Status Quo,,-1,State Government,"trans and non binary athletes, youth",no,https://www.forbes.com/sites/maryroeloffs/2025/02/21/trump-verbally-clashes-with-maine-governor-over-trans-athletes-well-see-you-in-court/,,Discursive/Symbolic
2/22/2025,"President Donald Trump on Friday threatened to strip Maine of its federal funding if it refuses to comply with his executive order banning transgender women from competing in women’s sports, marking the White House’s latest front in the nation’s culture wars. In a tense exchange with the president, Maine Democratic Gov. Janet Mills had a simple response: “See you in court.”",Economic Disruption ," Signpost - Cuts  or divestments in federal scientific, evidence-based research, or mass media related to equity, gender, or social policy",3,Federal Executive,"local residents, trans and non binary athletes",no,https://www.cnn.com/2025/02/22/us/maine-trans-athletes-trump,,Procedural/Institutional
2/22/2025,"We write to alert Lancet readers that, as of Feb 1, 2025, all US research and websites published by federal scientists and agencies are now subject to new edicts issued by the Trump administration1,2 that are contrary to established norms, and contradict the guidelines of The Lancet3 and the International Committee of Medical Journal Editors (ICMJE).",Political Disruption,Signpost - Public information and data erasure in government systems,3,Federal Executive,Academic and public health researchers,no,https://www.thelancet.com/journals/lancet/article/PIIS0140-6736(25)00243-0/fulltext,,Material Impact
2/22/2025,"The Pennsylvania Interscholastic Athletic Association approved to remove its Transgender policy in accordance with President Donald Trump's executive order, ""Keeping Men Out of Women's Sports.""
",Social Disruption ,Signpost - Institutional adoption of gender-restrictive participation policies in education and sports,3,Education Systems,trans and non binary athletes,no,https://www.cbsnews.com/philadelphia/news/piaa-transgender-trump-executive-order/,,Procedural/Institutional
2/23/2025,"The Bureau of Prisons on Friday laid out strict new guidelines for the treatment of transgender inmates to comply with President Trump’s executive order on gender recognition, including ending special procedures for pat-down searches and barring prisoners from purchasing the underwear of their choice.",Social Disruption ,Signpost - Institutional enforcement of gender-restrictive norms within carceral systems,3,Federal Agencies,trans and non-binary inmates,no,https://www.nytimes.com/2025/02/21/us/trump-trans-women-prison.html,,Material Impact
2/23/2025,"The Board of Visitors met Friday in a Special Board meeting to discuss the University’s changing policies in regards to gender-affirming care, which includes practices to alter the physical, mental or biological experiences of one’s gender identity. The Board resolved to maintain the reinstatement of gender-affirming care — for existing patients only — in accordance with current federal regulation. Outside of the closed session meeting, approximately one hundred protesters urged the Board to prioritize the needs of transgender patients and rights of physicians over the demands of the Trump administration. The protest was organized by the Queer Student Union, a Contracted Independent Organization dedicated to protecting LGBTQ+ rights and providing a welcoming environment at the University.",Social Disruption ,"Signpost - Service withdrawal or denial driven by anticipated legal, financial, or political retaliation",1,Healthcare Systems,transgender and gender-diverse individuals,no,https://www.cavalierdaily.com/article/2025/02/board-resolves-to-reinstate-gender-affirming-care-for-existing-patients-only,,Material Impact
2/24/2025,The court declined to reconsider a 25-year-old precedent that has allowed local governments to create protest-free buffer zones around health-care facilities — a ruling that has long been criticized by some conservative justices.,Status Quo,,0,Federal Judiciary,Reproductive healthcare patients and providers,no,https://www.washingtonpost.com/politics/2025/02/24/supreme-court-abortion-clinic-protest-buffer-zones/?utm_source=substack&utm_medium=email,,Procedural/Institutional
2/25/2025,"The Pregnancy Risk Assessment Monitoring System (PRAMS), which has worked to identify groups of pregnant people and infants at higher risk of health complications since 1988, was quietly shut down following Trump's inauguration.",Social Disruption ,"Signpost - Restriction/erasure of public information or resources pertaining to progressive gender ideologies, reproductive health, gender affirming healthcare",4,Federal Agencies,"women and girls, Reproductive healthcare patients and providers, Healthcare practitioners",no,https://www.jezebel.com/as-abortion-bans-drive-up-maternal-infant-mortality-trump-admin-shutters-key-cdc-program?utm_source=substack&utm_medium=email,,Material Impact
2/26/2025,"The U.S. Justice Department says it ""stands ready to sue"" Minnesota and two other states that are defying President Trump's executive order earlier this month banning transgender girls and women from competing in sports consistent with their gender identity.",Political Disruption,Signpost - State-level resistance to federal anti-discrimination directives,3,Federal Agencies,trans and non binary athletes,no,https://www.cbsnews.com/minnesota/news/doj-threatens-lawsuit-against-minnesota-transgender-athlete-ban/,,Procedural/Institutional
2/26/2025,"More than 80 House Democrats are calling on President Trump to revoke an executive order to broadly restrict access to gender-affirming health care for transgender young people, alleging the directive is unconstitutional and puts lives at risk. ",Political Progression ,"Signpost - State or federal policy actions that establish, reinstate, or expand gender, reproductive, or LGBTQ+ protections",-1,Federal Legislative,transgender and gender-diverse individuals,no,https://thehill.com/homenews/house/5165330-democrats-criticize-trump-executive-order/,,Procedural/Institutional
2/26/2025,"The NCAA will limit competition in women’s sports to student-athletes assigned female at birth, it said Thursday, changing its policy regarding transgender athlete participation one day after President Donald Trump signed an executive order aimed at spurring that change.",Social Disruption ,Signpost - Institutional adoption of gender-restrictive participation policies in education and sports,2,Education Systems,trans and non binary athletes,no,https://www.nytimes.com/athletic/6119241/2025/02/06/ncaa-transgender-policy-donald-trump/,,Material Impact
2/27/2025,Iowa lawmakers overwhelmingly passed a bill on Thursday that would end state civil rights protections for transgender people. Advocates for LGBTQ+ rights said that Iowa would become the first state to remove such broad and explicit protections for trans people if the Republican-backed measure was signed into law.,Political Disruption,"Signpost - Legislative or executive actions restricting reproductive, gender, or workplace rights",4,State Government,transgender and gender-diverse individuals,no,https://www.nytimes.com/2025/02/27/us/iowa-transgender-civil-rights-bill.html?utm_source=substack&utm_medium=email,,Procedural/Institutional
2/27/2025,"Transgender service members will be removed from the military within 60 days unless they are granted a waiver demonstrating their support of “warfighting capabilities,” according to a policy memo issued late Wednesday by the Pentagon. The memo specifies how the Defense Department will carry out one of President Trump’s executive orders to prevent transgender troops from serving openly.",Security Disruption,"Signpost -Removal of gender diverse and trans individuals from law enforcement, military, and intelligence roles",4,US Military,Trans military personnel,yes,https://thehill.com/policy/defense/5167356-transgender-military-ban-pentagon/?utm_source=substack&utm_medium=email,,Procedural/Institutional
2/27/2025,Cornell Health has deleted several lines from its gender-affirming care page. The move follows an executive order from President Donald Trump directing federal entities to withhold funding from medical providers that offer gender-affirming treatments to individuals under 19 years old.,Social Disruption ,"Signpost - Restriction/erasure of public information or resources pertaining to progressive gender ideologies, reproductive health, gender affirming healthcare",2,Healthcare Systems,transgender and gender-diverse youth,no,https://www.cornellsun.com/article/2025/02/cornell-health-adjusts-gender-affirming-care-page-following-trump-executive-order,,Material Impact
2/28/2025,"Legislation recently reintroduced in the U.S. House of Representatives could make registering to vote significantly more difficult for transgender Americans—threatening millions of voters’ right to engage in the democratic process. The Safeguard American Voter Eligibility (SAVE) Act would require all Americans to prove their citizenship status, in person, when registering to vote or updating their voter registration information. Voters would also need to provide these documents every time they updated their registration information. The vast majority of Americans would be forced to present either a passport or their birth certificate to their election official in order to register to vote—documents that, even if transgender people possess them, may not reflect the name they use.",Political Disruption,"Signpost - Legislative or executive actions restricting reproductive, gender, or workplace rights",1,Federal Legislative,"Marginalized ethnicity groups, transgender and gender-diverse individuals",no,https://www.americanprogress.org/article/the-save-act-could-keep-millions-of-transgender-americans-from-voting/,https://www.congress.gov/bill/119th-congress/house-bill/22,Procedural/Institutional
2/28/2025,"President Donald Trump’s order threatening to block federal funding for hospitals providing gender-affirming care for transgender youth is now indefinitely on hold under a Seattle judge’s order late Friday. U.S. District Court Judge Lauren King’s preliminary injunction is the first in the country applying to the executive order. It comes two weeks after she issued a 14-day pause on the president’s directive. The injunction is not nationwide and only blocks the executive order’s enforcement in four states involved in the lawsuit, including Washington.",Political Progression ,"Signpost - Judicial rulings or injuctions that reinforce, expand, or affirm gender, reproductive, or LGBTQ+ rights",-3,Federal Judiciary,"Pediatric healthcare providers, transgender and gender-diverse youth",no,https://washingtonstatestandard.com/2025/02/28/seattle-judge-blocks-trumps-order-targeting-hospitals-that-treat-transgender-youth/,,Procedural/Institutional
2/28/2025,"A federal judge in Seattle ruled an executive order by President Donald Trump unconstitutional late Friday, as she extended the pause on the order’s funding freeze for gender-affirming care for youth.",Political Progression ,"Signpost - Judicial rulings or injuctions that reinforce, expand, or affirm gender, reproductive, or LGBTQ+ rights",-2,Federal Judiciary,"Pediatric healthcare providers, transgender and gender-diverse youth",no,https://www.seattletimes.com/seattle-news/health/judge-in-seattle-deliberates-pause-on-trump-order-on-gender-affirming-care/,,Procedural/Institutional
2/28/2025,"A majority of New York City’s Commission on Gender Equity called on Friday for Mayor Eric Adams to resign if he does not lay out a strategy for defending transgender New Yorkers, women and immigrants against the Trump administration’s threats to those groups’ rights.",Status Quo,,0,Local/Municipal Government,"transgender and gender-diverse individuals, Marginalized ethnicity groups, women and girls",no,https://www.nytimes.com/2025/02/28/nyregion/gender-equity-adams-resign.html,,Discursive/Symbolic
2/28/2025,"It took nearly three years to win presumptive workers’ compensation coverage for breast, cervical, and other cancers that firefighters who work for federal agencies may develop because of hazardous exposures on the job. Now, just weeks after the Labor Department added coverage for those illnesses, firefighters worry the gains may be in jeopardy after the Trump administration deleted information about the expansion of coverage for cancers that mostly affect women and transgender firefighters from a federal webpage and ducked questions about whether it will uphold the policy change made in the waning days of the Biden administration.",Social Disruption ,"Signpost - Restriction/erasure of public information or resources pertaining to progressive gender ideologies, reproductive health, gender affirming healthcare",2,Federal Agencies,"transgender and gender-diverse individuals, women and girls",no,https://kffhealthnews.org/news/article/firefighters-wildfires-women-cancer-toxic-coverage-trump-labor-department/,,Material Impact
3/1/2025,Iowa has become the first US state to remove gender identity from its civil code.,Political Disruption,"Signpost - Legislative or executive actions restricting reproductive, gender, or workplace rights",4,State Government,transgender and gender-diverse individuals,no,https://timesofindia.indiatimes.com/world/us/iowa-becomes-first-us-state-to-remove-gender-identity-protections-under-donald-trumps-administration/articleshow/118642648.cms,https://www.cnn.com/2025/02/28/us/iowa-governor-gender-identity-civil-rights-code,Procedural/Institutional
3/1/2025,A federal judge late Friday extended an order blocking President Donald Trump's administration from withholding federal funding from medical providers in Oregon and three other states that provide gender-affirming care to transgender youth under 19.,Political Progression ,"Signpost - Judicial rulings or injuctions that reinforce, expand, or affirm gender, reproductive, or LGBTQ+ rights",-2,Federal Judiciary,"Healthcare practitioners, transgender and gender-diverse youth",no,https://www.reuters.com/en/us-judge-further-blocks-trumps-order-curbing-youth-gender-affirming-care-2025-03-01/,,Procedural/Institutional
3/1/2025,"A federal judge extended a temporary injunction on Friday blocking the Trump administration from withholding federal funds from institutions that provide gender-affirming care for transgender youth. U.S. District Court Judge Lauren King ruled that President Trump’s executive orders violate the Constitution’s Fifth Amendment, which grants equal protection under the law.",Political Progression ,"Signpost - Judicial rulings or injuctions that reinforce, expand, or affirm gender, reproductive, or LGBTQ+ rights",-2,Federal Judiciary,"Healthcare practitioners, transgender and gender-diverse youth",no,https://thehill.com/homenews/state-watch/5171200-judge-extends-block-on-trump-gender-affirming-care-federal-funding-ban/,,Procedural/Institutional
3/1/2025,"Yesterday, the Legal Defense Fund (LDF) and co-counsel Lambda Legal filed a motion for a preliminary injunction in National Urban League v. Trump, a federal lawsuit challenging three executive orders by President Trump banning diversity, equity, inclusion, and accessibility and erasing transgender people from public life.",Status Quo,,-1,Federal Judiciary,"LGBTQ+ individuals, Marginalized ethnicity groups, women and girls",no,https://www.naacpldf.org/press-release/preliminary-injunction-trump-eo-anti-equity/,,Procedural/Institutional
3/1/2025,"The Trump administration funding cuts aimed at “woke” federal programs have now ensnared some organizations working with a particularly vulnerable group: victims of domestic violence and sexual assault. Leaders of gender-based violence nonprofits said that the freeze — which is the subject of a pitched legal battle — has sparked concern about how long they can continue to provide emergency shelter, legal and crisis services to abuse victims around the country.",Social Disruption ,"Signpost - Service withdrawal or denial driven by anticipated legal, financial, or political retaliation",2,Civil Society/NGOs,"survivors of sexual violence, victims of GBV",no,https://www.politico.com/news/2025/03/01/funding-freeze-domestic-violence-00206807,,Material Impact
3/2/2025,"Many of the nearly two dozen people President Donald Trump pardoned in January, who had broken into and blocked access to abortion clinics, are vowing to launch a new wave of civil disobedience. At a recent online event by the anti-abortion group Live Action, several of the activists released from federal prison said they will resume efforts in the coming months to shut down remaining clinics in America, and they urged fellow abortion opponents to join them.",Social Disruption , Signpost - Shifting societal norms and ongoing legal battles limiting the scope of gender identity and reproductive autonomy protections,2,Federal Executive,Human rights advocates/activists,no,https://subscriber.politicopro.com/article/2025/03/it-emboldened-us-pardoned-anti-abortion-activists-vow-more-protests-00206784,,Discursive/Symbolic
3/3/2025,"Some 640,000 women and girls in Ukraine will be affected by cuts to psychosocial support, gender-based violence services, safe spaces, and economic empowerment programs following the confirmation from US authorities to end practically all financial contributions to the UN reproductive and sexual health agency (UNFPA).",Diplomatic Disruption,"Signpost - US withdrawal from or defunding of international organizations advancing gender, LGBTQ+, or reproductive rights",4,International/Multilateral,"victims of GBV, survivors of sexual violence, International aid recipients, women and LGBTQ+ beneficiaries",indirect,https://news.un.org/en/story/2025/03/1160681,,Material Impact
3/3/2025,India's first medical clinic for transgender people has shut operations in three cities after US President Donald Trump stopped foreign aid to it.,Diplomatic Disruption,"Signpost - US withdrawal from or defunding of international organizations advancing gender, LGBTQ+, or reproductive rights",3,International/Multilateral,women and LGBTQ+ beneficiaries,no,https://www.bbc.com/news/articles/c62zvlgqzdpo,,Material Impact
3/3/2025,The Senate today rejected a bill attempting to amend a landmark civil rights law to exclude transgender students from nondiscrimination protections.,Political Progression ,"Signpost - State or federal policy actions that establish, reinstate, or expand gender, reproductive, or LGBTQ+ protections",-3,Federal Legislative,transgender and gender-diverse individuals,no,https://www.aclu.org/press-releases/senate-rejects-bill-excluding-transgender-students-from-school-sports,https://www.politico.com/live-updates/2025/03/03/congress/transgender-athlete-bill-stalls-in-senate-00209589,Procedural/Institutional
3/3/2025,"Justice. ""Dignity."" ""Respect."" Those words are now considered red flags by the Army as it does a wide-ranging scrub of the massive amount of digital content the service has created online over the years -- a purge that is leading to the removal of images and videos featuring women and minority soldiers from official platforms. The deletion of photos, video and other content is part of an order by Defense Secretary Pete Hegseth that all the military services eliminate online material not allowed by the Trump administration. Hegseth has pushed to eliminate any trace of diversity efforts, which has included policies and programs -- and now media -- that recognizes women and troops with minority backgrounds.",Security Disruption,Signpost - Erasure of gender and minority representation within national security systems,3,US Military,"federal workforce, Marginalized ethnicity groups, Women servicemembers or veterans",yes,https://www.military.com/daily-news/2025/02/28/respect-among-key-words-army-using-delete-online-content-related-women-minority-troops.html,,Discursive/Symbolic
3/3/2025,"Dozens of Democratic congresswomen are planning to wear pink to President Donald Trump’s Joint Address to Congress on Tuesday night as part of a coordinated protest against the President’s policies. New Mexico Rep. Teresa Leger Fernández, who chairs the Democratic Women’s Caucus, confirmed exclusively to TIME on Monday that the pink attire is meant to “signal our protest of Trump's policies which are negatively impacting women and families.”",Status Quo,,0,Federal Legislative,women and girls,no,https://time.com/7264001/trump-congress-democrats-pink/,https://www.usatoday.com/story/news/politics/2025/03/04/democratic-women-wear-pink-donald-trump/81469937007/ ,Societal Behavior and Norms
3/3/2025,"Wisconsin Republicans are again turning their focus towards LGBTQ+ youth, especially those who are transgender, introducing bills that would prohibit gender-affirming care for youth, ban students from playing on certain sports teams and mandate that school districts get permission from parents when using different names and pronouns for students. The four bills come as President Donald Trump has signed a slate of executive orders targeting transgender people. The bills have received pushback from the Wisconsin Legislative LGBTQ+ Caucus, the Transgender Parent and Non-Binary Advocacy Caucus and LGBTQ+ advocacy organizations.",Status Quo,,1,State Government,"transgender and gender-diverse youth, trans and non binary athletes",no,https://wisconsinexaminer.com/2025/03/03/following-trump-executive-orders-wisconsin-republicans-introduce-slate-of-anti-trans-bills/,,Procedural/Institutional
3/3/2025,"US president Donald Trump has fired one of the most-senior trans women in the federal government. Amy Paris has worked for five administrations and was involved in helping Joe Biden implement trans-inclusive policies. Most recently, she served as deputy digital services lead in the Department of Health and Human Services, where she oversaw organ donation safety. She ranked second only to former assistant secretary of health Rachel Levine, LGBTQ Nation reported.",Status Quo,,1,Federal Agencies,trans and non-binary federal workforce,no,https://www.thepinknews.com/2025/03/03/trump-amy-paris-dei/,,Discursive/Symbolic
3/3/2025,"Basic human rights in the US are under threat as the country's new administration rolls back previous policies to combat discrimination, UN High Commissioner for Human Rights Volker Türk said on Monday. Türk's remarks to the United Nations Human Rights Council come as second-time US President Donald Trump has signed scores of executive orders touching on issues such as transgender and civil rights, as well as foreign policy. Trump disengaged from the Human Rights Council in February as he moves to reduce the US' involvement in bodies seeking to promote international cooperation.",Status Quo,,-1,International/Multilateral,"Marginalized ethnicity groups, women and girls, LGBTQ+ individuals",no,https://www.dw.com/en/un-rights-chief-voices-concern-at-new-us-political-direction/a-71811637,,Discursive/Symbolic
3/4/2025,"A federal judge on Tuesday issued a nationwide order blocking executive orders signed by President Donald Trump that target transgender young people and their health care, clearing the way for hospitals to provide the treatment. The ruling comes days after a judge in Seattle blocked the executive order on gender transition care for youths in Washington, Minnesota, Oregon and Colorado in a lawsuit brought by attorneys general in those states.",Political Progression ,"Signpost - Judicial rulings or injuctions that reinforce, expand, or affirm gender, reproductive, or LGBTQ+ rights",-3,Federal Judiciary,transgender and gender-diverse youth,no,https://www.washingtonpost.com/nation/2025/03/04/judge-trump-order-transgender-healthcare-youth/,,Procedural/Institutional
3/5/2025,"The Supreme Court rejected President Trump’s emergency request to freeze nearly $2 billion in foreign aid on Wednesday morning, saying a lower court judge “should clarify what obligations the government must fulfill.” Chief Justice John G. Roberts Jr. and Justice Amy Coney Barrett joined the three liberal justices in a 5-4 vote. The case focuses on the U.S. Agency for International Development and aid the administration halted on Mr. Trump’s first day in office.",Diplomatic Progression ,"Signpost - Reaffirming support of international organizations supporting gender, LGBTQ+, and reproductive rights",-4,Federal Judiciary,International aid recipients,no,https://www.nytimes.com/live/2025/03/05/us/trump-news#foreign-aid-supreme-court-trump,,Procedural/Institutional
3/6/2025,Duke Health continues to offer gender-affirming care amid ongoing legal battles over the Trump administration's effort to upend federal funding of the practice.,Status Quo,,0,Healthcare Systems,transgender and gender-diverse individuals,no,https://dukechronicle.com/article/duke-university-gender-affirming-care-duke-health-president-donald-trump-order-threats-to-funding-protecting-children-from-chemical-and-surgical-mutilation-20250306,,Societal Behavior and Norms
3/6/2025,"The West Virginia Senate passed two bills Thursday focused on transgender youth as the Republican-led body has prioritized bills related to biological sex. One measure would ban hormone treatment for children diagnosed with gender dysphoria, nearly eliminating any options in West Virginia for gender-affirming care for youth. The other bill would mandate that teachers tell parents when a child requests to be referred to by a different name or pronouns that are different from the student’s biological sex.",Hybrid Political/Social Disruption,Signpost - Political and policy decisions resulting in the erasure of gender-affirming care and related protections,3,Education Systems,"transgender and gender-diverse youth, Education practitioners",no,https://westvirginiawatch.com/2025/03/06/wv-senate-continues-its-focus-on-gender-passes-two-bills-aimed-at-transgender-youth/,,Procedural/Institutional
3/7/2025,"Germany has issued a warning that transgender and nonbinary travelers may face difficulties entering the United States under the Trump administration’s new policies. The warning, first reported by the German newspaper Rheinische Post on February 26, advises travelers to check with U.S. authorities before making their trip as the federal government moves to erase legal recognition of transgender people and restrict their ability to update official documents.",Diplomatic Disruption,Signpost - Foreign governments issuing travel warning or recognizing/processing claims on gender-based persecution in the US,3,International/Multilateral,transgender and gender-diverse individuals,yes,https://www.advocate.com/news/germany-warns-transgender-travelers-us?utm_campaign=trueanthem&utm_medium=social&utm_source=facebook,,Discursive/Symbolic
3/7/2025,"The National Institutes of Health is abruptly terminating millions of dollars in research awards to scientists in Massachusetts and around the country, citing the Trump administration’s new restrictions on funding anything related to diversity, equity, and inclusion, transgender issues, or research that could potentially benefit universities in China.The sweeping actions would appear to violate court rulings from federal judges in Rhode Island and Washington, D.C., that block the Trump administration from freezing or ending billions of dollars in government spending.",Economic Disruption ," Signpost - Cuts  or divestments in federal scientific, evidence-based research, or mass media related to equity, gender, or social policy",4,Federal Agencies,Academic and public health researchers,indirect,https://www.statnews.com/2025/03/07/nih-terminates-dei-transgender-related-research-grants/,,Material Impact
3/7/2025,"Three transgender people currently incarcerated in federal custody have filed a class action lawsuit against the Trump Administration and the Federal Bureau of Prisons (BOP) challenging an Executive Order and new BOP policies prohibiting their access to gender-affirming care. The class action lawsuit was filed in federal court in Washington, D.C., on behalf of approximately 2,000 transgender people incarcerated in federal prisons across the United States.",Status Quo,,0,Federal Judiciary,trans and non-binary inmates,no,https://www.aclu.org/press-releases/advocates-sue-to-challenge-withholding-of-gender-affirming-care-in-federal-prisons,,Procedural/Institutional
3/7/2025,"CMS issued a Quality & Safety Special Alert Memo signaling potential future alignment of CMS-regulated provider requirements with President Trump’s executive order restricting gender-affirming medical interventions for minors, citing concerns over medical evidence and patient safety.",Status Quo,,1,Federal Agencies,"transgender and gender-diverse youth, Pediatric healthcare providers",no,https://www.mcdermottplus.com/insights/hhs-signals-action-on-gender-affirming-care/,https://www.cms.gov/files/document/qssam-25-02-hospitals.pdf,Procedural/Institutional
3/7/2025,"As President Trump seeks to purge the federal government of “woke” initiatives, agencies have flagged hundreds of words to limit or avoid, according to a compilation of government documents.",Social Disruption ,"Signpost - Restriction/erasure of public information or resources pertaining to progressive gender ideologies, reproductive health, gender affirming healthcare",3,Federal Agencies,federal workforce,indirect,https://www.nytimes.com/interactive/2025/03/07/us/trump-federal-agencies-websites-words-dei.html,,Discursive/Symbolic
3/8/2025,Thousands Gather to Oppose Trump on International Women’s Day About 300 demonstrations were scheduled across the United States. Organizers said that Americans eager to protest considered the occasion an appropriate time to rally.,Political Disruption,"Signpost - Mass, coordinated protests creating system-level political pressure",2,Civil Society/NGOs,local residents,indirect,https://www.nytimes.com/2025/03/08/us/politics/international-womens-day-protests-trump.html,,Material Impact
3/9/2025,"The United States has been added to the Civicus Monitor Watchlist, which identifies countries that the global civil rights watchdog believes are currently experiencing a rapid decline in civic freedoms.",Diplomatic Disruption,Signpost - International civil society or multilateral bodies signaling democratic or civic backsliding in the U.S.,2,International/Multilateral,Human rights advocates/activists,yes,https://www.theguardian.com/us-news/2025/mar/09/watchlist-decline-civic-freedoms-civicus,,Discursive/Symbolic
3/10/2025,"A bill proposed in the Texas legislature could charge transgender Texans with a state felony if they commit what proponents call “gender identity fraud.” Republican state Rep. Tom Oliverson, who represents a part of Houston in District 130, introduced House Bill 3817 that would amend the Texas Penal Code to add a new form of fraud related to gender identity.",Hybrid Political/Security Disruption,Signpost - Criminalization of gender identity or expression through state law,1,State Government,transgender and gender-diverse individuals,no,https://www.usatoday.com/story/news/politics/2025/03/10/tom-oliverson-texas-transgender-bill/82243226007/,,Procedural/Institutional
3/10/2025," The U.S. Supreme Court agreed on Monday to hear a Christian therapist's challenge on free speech grounds to a Democratic-backed Colorado law banning ""conversion therapy"" intended to change a minor's sexual orientation or gender identity.",Status Quo,,0,Federal Judiciary,transgender and gender-diverse youth,no,https://www.reuters.com/legal/us-supreme-court-hear-challenge-colorado-gay-conversion-therapy-ban-2025-03-10/,,Procedural/Institutional
3/10/2025,"In the weeks since the National Endowment for the Arts announced major changes to its application criteria, many nonprofits across the country have been anxiously awaiting clarity regarding what this might mean for their prospective Fiscal Year 2026 grants. In particular, in recent weeks nonprofit managers and filmmakers are scrutinizing how the NEA applies two recent Executive Orders aimed at shutting down DEI and LGBTQ+ programs.",Status Quo,,0,Cultural/Media Institutions,Arts institutions & LGBTQ+-serving cultural organizations,no,https://www.documentary.org/online-feature/future-nea-funding-us-documentary-film-nonprofits-remains-limbo-after-anti-dei-and,,Procedural/Institutional
3/11/2025,"The United States has condemned the sustainable development goals set by the United Nations and its global framework to achieve these goals — which include ending poverty, attaining gender equality and taking urgent climate action — by the end of the decade. In a speech before the UN’s General Assembly last week, a Trump administration representative said the U.S. “rejects and denounces” the UN’s 2030 Agenda for Sustainable Development and its 17 SDGs. As such, the nation will “no longer reaffirm them as a matter of course.”",Diplomatic Disruption,Signpost - US foreign policy actions or statements aligning with domestic conservative agendas on gender and sexuality ,2,International/Multilateral,International aid recipients,indirect,https://www.esgdive.com/news/us-denounces-un-sustainable-development-goals-quits-climate-damage-fund/742199/,,Discursive/Symbolic
3/11/2025,"Rep. Sarah McBride, D-Del., the first transgender person elected to Congress, continues to face attacks from her Republican colleagues, who have repeatedly misgendered her on the House floor and in committee hearings. On Tuesday, it happened again during a House foreign affairs subcommittee meeting. Rep. Keith Self, R-Texas, the chairman of the House Foreign Affairs Subcommittee on Europe, introduced McBride, saying: ""I now recognize the representative from Delaware: Mr. McBride.""",Status Quo,,0,Federal Legislative,elected officials,no,https://abcnews.go.com/Politics/rep-sarah-mcbride-misgendered-republican-colleague-committee-hearing/story?id=119692546,,Societal Behavior and Norms
3/12/2025,An advancing bill seeking to cancel Democratic Gov. Andy Beshear’s restrictions on conversion therapy would now also prohibit Medicaid from paying for some forms of gender-affirming medical care.,Political Disruption,"Signpost - Legislative or executive actions restricting reproductive, gender, or workplace rights",2,State Government,"Beneficiaries of federal programs, transgender and gender-diverse individuals",no,https://kentuckylantern.com/2025/03/12/ban-on-medicaid-paying-for-gender-affirming-care-added-to-conversion-therapy-bill/,,Procedural/Institutional
3/12/2025," Gov. Patrick Morrisey signed a bill Wednesday that will for the first time define the terms “man” and “woman” in state code by a person’s biological sex. The bill, known as the “Riley Gaines Act,” will restrict transgender individuals’ access to spaces like bathrooms or locker rooms that align with their gender identity. State code will not recognize the existence of nonbinary people or those who do not identify as “male” or “female.”",Political Disruption,"Signpost - Legislative or executive actions restricting reproductive, gender, or workplace rights",4,State Government,transgender and gender-diverse individuals,no,https://www.newsfromthestates.com/article/morrisey-signs-first-priority-bill-define-gender-wv-state-code-targeting-transgender-people,https://www.wvlegislature.gov/Bill_Status/bills_history.cfm?INPUT=456&year=2025&sessiontype=RS,Procedural/Institutional
3/12/2025,"Tennessee Representatives Gloria Johnson (D-Knoxville) and Senator Charlene Oliver (D-Nashville) introduced a bill to establish statewide contraceptive access called the ""Tennessee Contraceptive Freedom Act"".",Status Quo,,0,State Government,"women and girls, Reproductive healthcare patients and providers",no,https://www.local3news.com/local-news/democratic-lawmakers-introduce-tennessee-contraceptive-freedom-act/article_616174ce-ff77-11ef-a80e-839053523b62.html,https://wapp.capitol.tn.gov/apps/BillInfo/default.aspx?BillNumber=HB1220&GA=114,Procedural/Institutional
3/13/2025, InterPride on Wednesday issued a travel advisory for transgender and nonbinary people who want to travel to the U.S. for this year’s WorldPride.,Status Quo,,1,Civil Society/NGOs,LGBTQ+ individuals,no,https://www.washingtonblade.com/2025/03/13/interpride-issues-advisory-for-transgender-nonbinary-people-traveling-to-us/,https://www.facebook.com/InterPride/posts/1051650583675965/?rdid=uHVKU8KkH5k4whCA ,Material Impact
3/13/2025,"Multiple families of transgender children said UPMC Children’s Hospital of Pittsburgh has denied access to gender-affirming care medicine to their kids. Without communication from their doctors or a clear path forward, some parents said they’re fearing for their child’s future.",Social Disruption ,"Signpost - Service withdrawal or denial driven by anticipated legal, financial, or political retaliation",2,Healthcare Systems,transgender and gender-diverse youth,no,https://pittnews.com/article/194948/top-stories/multiple-families-of-trans-kids-denied-gender-affirming-medications-at-upmc-childrens-hospital-of-pittsburgh/,,Material Impact
3/14/2025,"The Trump administration has been accused of “blatant foreign interference” in Australia’s universities after researchers who receive US funding were asked to confirm they aligned with US government interests, including only recognising two genders.",Diplomatic Disruption,Signpost - US foreign policy actions or statements aligning with domestic conservative agendas on gender and sexuality ,2,International/Multilateral,Academic and public health researchers,no,https://www.theguardian.com/australia-news/2025/mar/14/australian-university-sector-accuses-trump-administration-of-blatant-interference-in-research,,Discursive/Symbolic
3/15/2025,"Arlington National Cemetery, the final resting place of presidents, generals, Medal of Honor recipients and more than 400,000 service members and their families, has purged its website of material focused on Black, Hispanic, and female troops buried there, officials confirmed Friday.",Political Disruption,Signpost - Public information and data erasure in government systems,2,Federal Governance / Public Institutions,"Marginalized ethnicity groups, Women servicemembers or veterans",no,https://www.stripes.com/theaters/us/2025-03-15/arlington-cemetery-website-race-gender-17151584.html,,Societal Behavior and Norms
3/15/2025,"The Veterans Affairs Department on Friday reversed a policy that had protected gender-affirming healthcare provided to transgender veterans, causing confusion and fear in the community. In an internal VA memo seen by NPR Friday, the VA says it’s rescinding Directive 1341, which contains detailed guidance on the kinds of care transgender veterans can receive at VA facilities. The policy had also directed healthcare providers to use pronouns veterans preferred, directed facilities to allow veterans to use bathrooms and be assigned rooms in accordance with their self-identified gender.",Political Disruption,"Signpost - Legislative or executive actions restricting reproductive, gender, or workplace rights",3,Federal Agencies,Trans military personnel,no,https://www.opb.org/article/2025/03/15/va-denies-policy-change-after-internal-memo-on-transgender-care/,,Procedural/Institutional
3/16/2025,"New medications related to contraception, endometriosis and IVF will be subsidised on the Pharmaceutical Benefits Scheme (PBS) from 1 May, with some women expected to save thousands of dollars each year.",Social Progression,Signpost - Establishment or reinstatement of gender-conscious or equity-oriented protection programs,-2,Healthcare Systems,"Reproductive healthcare patients and providers, women and girls",no,https://www.theguardian.com/australia-news/2025/mar/16/pbs-listing-contraceptives-fertility-ivf-endometriosis-drugs-pharmaceutical-benefits-scheme,,Material Impact
3/17/2025,"The Department of Veterans Affairs is phasing out gender-affirming medical treatments for veterans, including hormone treatment for patients newly diagnosed with gender dysphoria, the V.A. announced on Monday. The V.A. will continue hormone treatment for veterans who currently receive it or were receiving it when they separated from the military. The rationale is that abrupt cessation can be harmful to patients’ health.",Hybrid Political/Social Disruption,Signpost - Political and policy decisions resulting in the erasure of gender-affirming care and related protections,1,US Military,Trans military personnel,no,https://www.nytimes.com/2025/03/17/health/veterans-transgender-health-care.html,,Material Impact
3/18/2025,"After a recent change by the Trump administration, the federal government no longer explicitly prohibits contractors from having segregated restaurants, waiting rooms and drinking fountains. The segregation clause is one of several identified in a public memo issued by the General Services Administration last month, affecting all civil federal agencies. The memo explains that it is making changes prompted by President Trump's executive order on diversity, equity and inclusion, which repealed an executive order signed by President Lyndon B. Johnson in 1965 regarding federal contractors and nondiscrimination. The memo also addresses Trump's executive order on gender identity.",Hybrid Political/Social Disruption,Signpost - Systemic rollback or reinterpretation of gender-related legal protections affecting public application and access,4,Federal Executive,"Marginalized ethnicity groups, women and girls",no,https://www.npr.org/sections/shots-health-news/2025/03/18/nx-s1-5326118/segregation-federal-contracts-far-regulation-trump,,Procedural/Institutional
3/19/2025,A judge on Wednesday ordered the federal Bureau of Prisons (BoP) to transfer two incarcerated transgender women back to federal women’s prisons after they had been sent to men’s facilities after Donald Trump’s executive order that truncated transgender protections.,Political Progression ,Signpost - State and federal rulings in favor of LGTBQ+ and gender-diverse rights,-2,Federal Judiciary,trans and non-binary inmates,no,https://www.theguardian.com/us-news/2025/mar/19/trump-trans-women-prisons,,Procedural/Institutional
3/19/2025,"Ohio’s ban on gender-affirming care for minors is unconstitutional and must be permanently blocked from being enforced, a three-judge panel of appellate judges ruled Tuesday. The law also banned trans women and girls from participating in female sports.",Political Progression ,Signpost - State and federal rulings in favor of LGTBQ+ and gender-diverse rights,-3,State Government,transgender and gender-diverse youth,no,https://www.nbcnews.com/nbc-out/out-politics-and-policy/appeals-court-blocks-ohios-ban-gender-affirming-care-minors-rcna197045,,Procedural/Institutional
3/19/2025,A federal judge Tuesday blocked President Donald Trump’s executive order banning transgender people from enlisting or serving in the military.,Security Progression,Signpost - Expansion or restoration of protections for service eligibility ,-3,Federal Judiciary,Trans military personnel,no,https://www.nbcnews.com/nbc-out/out-politics-and-policy/trump-transgender-military-ban-rcna194741,https://www.cbsnews.com/news/judge-blocks-trumps-executive-order-barring-transgender-people-from-the-military/,Procedural/Institutional
3/19/2025,A federal appeals court in Cincinnati will hear arguments Wednesday in a legal dispute that pits a suburban Ohio school district's gender pronoun policy against the free speech rights of classmates who believe there are only two genders.,Status Quo,,0,Federal Judiciary,transgender and gender-diverse youth,no,https://www.pbs.org/newshour/nation/a-parents-group-is-challenging-an-ohio-school-districts-pronoun-policy-heres-what-to-know,,Procedural/Institutional
3/20/2025,"A growing number of researchers in Australia, the European Union, the United Kingdom and Canada who receive US funding have been asked to declare their institution’s links to China and whether their projects comply with US government ideology. Associations representing universities in these regions say this threatens academic freedom and undermines scientific advancement.",Diplomatic Disruption,Signpost - US foreign policy actions or statements aligning with domestic conservative agendas on gender and sexuality ,2,International/Multilateral,Academic and public health researchers,no,https://www.nature.com/articles/d41586-025-00850-5,,Discursive/Symbolic
3/20/2025,"The Trump administration told Australian university researchers a push to promote administration priorities and avoid “DEI, woke gender ideology and the green new deal” was behind a “temporary pause” of funding, according to a memo seen by Guardian Australia. University sector sources say the US has severed research funding at six universities – Monash University, Australian National University (ANU) and the University of Melbourne, University of Sydney, University of New South Wales and University of Western Australia – since Donald Trump came to power, including some as early as January. ANU is the first university to publicly acknowledged it.",Diplomatic Disruption,Signpost - Use of conditional or punitive humanitarian aid to enforce conservative gender norms or restrict reproductive and LGTBQ+ rights,2,International/Multilateral,Academic and public health researchers,no,https://www.theguardian.com/australia-news/2025/mar/20/australian-university-researchers-told-woke-gender-ideology-among-reasons-behind-trump-funding-cuts,,Material Impact
3/20/2025,"The White House said it was freezing $175 million of federal funding to President Trump's alma mater, the University of Pennsylvania, citing the school's policies on transgender athletes.",Economic Disruption ,Signpost - Punitive withdrawal of federal welfare funding to compel state compliance with executive policy priorities,3,Federal Executive,"Academic and public health researchers, Education practitioners, youth",no,https://www.npr.org/2025/03/20/nx-s1-5333675/university-pennsylvania-upenn-trump-suspends-funding-trans-student-athletes,,Material Impact
3/20/2025,"U.S. President Donald Trump will sign a long-anticipated executive order on Thursday that aims to shut down the Department of Education, acting on a key campaign pledge, according to a White House summary seen by Reuters.",Political Disruption,Signpost - Increased use of executive orders to circumvent legislative and judicial constraints,4,Federal Executive,"youth, Education practitioners",no,https://www.reuters.com/world/us/trump-sign-order-shut-down-department-education-white-house-says-2025-03-19/,,Procedural/Institutional
3/20/2025,Lawmakers in the Wisconsin Assembly approved four bills aimed at restricting transgender rights in Wisconsin.,Political Disruption,"Signpost - Legislative or executive actions restricting reproductive, gender, or workplace rights",3,State Government,transgender and gender-diverse individuals,no,https://www.wpr.org/news/wisconsin-assembly-gender-healthcare-transgender-sports,,Procedural/Institutional
3/21/2025,Denmark's travel advisory page says transgender Danes should first consult the US embassy before traveling to the US. Finland issued a similar warning for its citizens last week in light of President Trump's policies.,Diplomatic Disruption,Signpost - Foreign governments issuing travel warning or recognizing/processing claims on gender-based persecution in the US,3,International/Multilateral,"transgender and gender-diverse individuals, foreign nationals and international travelers",yes,https://www.dw.com/en/transgender-danes-told-to-consult-us-embassy-before-travel/a-72002606,,Material Impact
3/21/2025,"Two California researchers said Friday that a U.S. government health publication instructed them to remove data on sexual orientation from a scientific manuscript that had been accepted for publication. The researchers also said they were told to remove the words “gender,” “cisgender” and “equitable” from their paper, which looked at smoking among rural young adults.",Political Disruption,Signpost - Public information and data erasure in government systems,3,Federal Agencies,Academic and public health researchers,no,https://apnews.com/article/science-trump-executive-order-gender-c44f80a1cce8b0c4751e64cc2751d67e,,Material Impact
3/21/2025,"The Trump administration has removed a longstanding directive from the civil rights era that explicitly prohibited federal contractors from allowing segregated facilities, the latest move to eradicate diversity, equity and inclusion policies from government operations that has drawn fierce rebuke.",Political Disruption,"Signpost - Legislative or executive actions restricting reproductive, gender, or workplace rights",4,Federal Executive,"Marginalized ethnicity groups, federal workforce",no,https://www.nytimes.com/2025/03/21/us/politics/trump-segregation.html,https://www.acquisition.gov/sites/default/files/caac/CAAC_Letter_2025-01.pdf,Procedural/Institutional
3/22/2025,The New Hampshire School Board Association has advised schools to eliminate anti-discrimination policies for transgender students to comply with new federal mandates and safeguard their funding. But those mandates are prompting tense debate in some local districts — and warnings that transgender students’ safety could be at risk.,Political Disruption,Signpost - State-level resistance to federal anti-discrimination directives,1,State Government,transgender and gender-diverse youth,no,https://www.seacoastonline.com/story/news/2025/03/22/nh-schools-urged-to-drop-trans-protections-to-comply-with-trump-mandate/82589404007/,,Material Impact
3/23/2025,"President Donald Trump is demanding a ""full throated apology"" from Maine Gov. Janet Mills over their brief-but-tense exchange last month about transgender athletes.Trump made the demand Saturday in a post on Truth Social.",Status Quo,,0,Federal Executive,women and girls,no,https://www.mainepublic.org/politics/2025-03-23/donald-trump-demands-full-throated-apology-from-janet-mills-after-clash-over-transgender-athletes,https://thehill.com/homenews/lgbtq/5208797-donald-trump-maine-governor-transgender-sports-policy/,Discursive/Symbolic
3/24/2025,"A surge of grant cancellations hit researchers focused on the health of gay, lesbian and transgender people last week, as the Trump administration continues to target what it describes as ideologically driven science. Last week the U.S. government terminated at least 68 grants to 46 institutions totaling nearly $40 million when awarded, according to a government website. Some of the grant money has already been spent, but at least $1.36 million in future support was yanked as a result of the cuts, a significant undercount because estimates were available for less than a third of grants.",Economic Disruption ," Signpost - Cuts  or divestments in federal scientific, evidence-based research, or mass media related to equity, gender, or social policy",4,Federal Agencies,Academic and public health researchers,no,https://apnews.com/article/lgbtq-research-grants-terminated-trump-5b2810312de1420ca3df875314b0a1e9,https://apnews.com/article/lgbtq-research-grants-terminated-trump-5b2810312de1420ca3df875314b0a1e9,Procedural/Institutional
3/24/2025,"On March 10th, CMS issued a proposed rule that seeks to change how plans sold on and off the Affordable Care Act’s (ACA) Marketplaces (plans for individuals and small businesses), would cover gender affirming care services, which the rule calls “coverage for sex-trait modification1 .” The rule proposes, beginning plan year 2026, to prohibit insurers from covering gender affirming care as an essential health benefit (EHB), which could lead insurers to drop coverage or shift costs to individuals and states.",Social Disruption ,"Signpost - Service withdrawal or denial driven by anticipated legal, financial, or political retaliation",2,Federal Agencies,"transgender and gender-diverse youth, transgender and gender-diverse individuals, Healthcare practitioners",no,https://www.kff.org/private-insurance/new-rule-proposes-changes-to-aca-coverage-of-gender-affirming-care-potentially-increasing-costs-for-consumers/,,Procedural/Institutional
3/25/2025,"A memo issued by Secretary of State Marco Rubio, titled “Guidance for Visa Adjudicators on Executive Order 14201: ‘Keeping Men Out of Women’s Sports,’” introduces new U.S. visa policies that affect transgender individuals seeking entry into the U.S. While the policy title focuses on transgender athletes and their participation in sports, its language seems to extend to all visa applicants, including business travelers, students, researchers, and others.",Diplomatic Disruption,Signpost - US foreign policy actions or statements aligning with domestic conservative agendas on gender and sexuality ,4,Federal Agencies,"trans and non binary athletes, transgender and gender-diverse individuals",no,https://www.huschblackwell.com/newsandinsights/new-visa-rules-target-transgender-individuals-considerations-for-employers-and-educational-institutions,https://immpolicytracking.org/policies/eo-potus-orders-state-and-dhs-to-review-visas-of-transgender-athletes-under-ina/#/tab-policy-documents,Procedural/Institutional
3/25/2025,The French foreign ministry advised travelers to state their 'gender assigned at birth' when filling out new visa or ETSA applications to travel to the US.,Diplomatic Disruption,Signpost - Foreign governments issuing travel warning or recognizing/processing claims on gender-based persecution in the US,2,International/Multilateral,"transgender and gender-diverse individuals, foreign nationals and international travelers",no,https://www.lemonde.fr/en/france/article/2025/03/25/france-updates-us-travel-advice-over-gender-at-birth_6739494_7.html,,Procedural/Institutional
3/25/2025,World Athletics has approved the introduction of a test to determine if an athlete is biologically female.,Social Disruption ,Signpost - Institutional adoption of gender-restrictive participation policies in education and sports,4,International/Multilateral,trans and non binary athletes,no,https://www.bbc.com/sport/athletics/articles/cwygdvpl88ko,,Procedural/Institutional
3/26/2025,"Some European countries, as well as Canada, are warning their citizens who travel to the United States to strictly follow the country's entry rules or risk detention as the Trump administration cracks down on immigration enforcement. Ireland, The Netherlands, Denmark, the United Kingdom, Germany, Finland and Canada have updated their travel guidelines after some travelers from these nations encountered detention by immigration officials.",Diplomatic Disruption,Signpost - Foreign governments issuing travel warning or recognizing/processing claims on gender-based persecution in the US,2,International/Multilateral,foreign nationals and international travelers,yes,https://www.npr.org/2025/03/22/nx-s1-5336792/european-countries-canada-travel-warnings-us,,Material Impact
3/26/2025,"The Department of Government Efficiency announced the termination of contracts funding gender equity and labor rights programs in Mexico, South America, and Central America.",Diplomatic Disruption,"Signpost - US withdrawal from or defunding of international organizations advancing gender, LGBTQ+, or reproductive rights",2,International/Multilateral,women and LGBTQ+ beneficiaries,indirect,https://www.foxnews.com/politics/doge-slashes-billions-more-expenses-programs-like-peruvian-climate-change-gender-equity-mexico,,Material Impact
3/26/2025,"Donald Trump signed an executive order Tuesday targeting Jenner & Block, the law firm challenging his anti-transgender policies in court. The order suspends the security clearances, government contracts, and access to government buildings and employees in an official capacity pending a review to ensure the firm’s policies do not threaten the county’s national security interests and align with his policies and executive orders.",Political Disruption,Signpost - Executive branch pressure on the judiciary/ intimidation of judges,3,Federal Executive,Legal practitioners,no,https://www.advocate.com/politics/trump-targets-jenner-block,https://www.reuters.com/world/us/trump-signs-executive-order-against-law-firm-jenner-block-2025-03-25/,Procedural/Institutional
3/26/2025,A group of Republican state lawmakers have asked the Trump administration to investigate the Oregon Health Authority while claiming officials are concealing the extent to which minors undergo gender-affirming surgery.,Status Quo,,1,State Government,transgender and gender-diverse youth,no,https://www.thelundreport.org/content/oregon-gop-lawmakers-request-federal-investigation-medicaid-gender-care,"https://www.oregonlegislature.gov/diehl/PressReleases/PRESS%20RELEASE_House%20Republicans%20Send%20OHA%20Data%20to%20U.S.%20AG%20Pam%20Bondi,%20Request%20Investigation%20_2025.03.24.pdf",Discursive/Symbolic
3/27/2025,The Trump administration asserted on Thursday that California’s new law protecting transgender students from unwanted disclosures to their parents was a violation of federal law.,Political Disruption,Signpost - Federal agency intervention targeting states resisting discriminatory federal policies,1,State Government,transgender and gender-diverse youth,no,https://www.nytimes.com/2025/03/27/us/trump-california-transgender-parental-notification.html,https://calmatters.org/education/k-12-education/2025/03/transgender-students/ ,Discursive/Symbolic
3/27/2025,"President Donald Trump signed an executive order behind closed doors on Thursday directing federal agencies and the Smithsonian to eliminate what the order calls ""divisive"" and ""anti-American"" content from museums and national parks, sources familiar with the order told ABC News. The order -- called ""Restoring Truth and Sanity to American History"" -- directed the vice president and the secretary of Interior to restore federal parks, monuments, memorials and statues ""that have been improperly removed or changed in the last five years to perpetuate a false revision of history or improperly minimize or disparage certain historical figures or events.""",Social Disruption ,"Signpost - Restriction/erasure of public information or resources pertaining to progressive gender ideologies, reproductive health, gender affirming healthcare",3,Federal Governance / Public Institutions,"Marginalized ethnicity groups, women and girls, LGBTQ+ individuals",no,https://abcnews.go.com/Politics/museums-parks-remove-items-related-race-gender-executive/story?id=120236863,,Procedural/Institutional
3/28/2025,"The administration of President Donald Trump is investigating Maine with a claim that dozens of school districts in the state violate federal law by withholding information about students’ gender transitioning from parents. The U.S. Department of Education said it launched the investigation on Friday, the day after it began a similar investigation into the California Department of Education. In both cases, the federal education department said the states might be violating the Family Educational Rights Privacy Act.",Political Disruption,Signpost - Federal agency intervention targeting states resisting discriminatory federal policies,2,State Government,transgender and gender-diverse youth,no,https://apnews.com/article/trump-maine-transgender-students-mcmahon-f11b27a04e9f8598d4c216602c069b5d,,Procedural/Institutional
3/28/2025,"In a 65-page opinion issued late Thursday, U.S. District Judge Benjamin Settle became the second federal judge to block the ban on transgender people in the military, which he described as discriminatory and disconnected from the goals of ""military readiness, unit cohesion, lethality, or any of the other touchstone phrases long used to exclude various groups from service.""
",Security Progression,Signpost - Expansion or restoration of protections for service eligibility ,-2,Federal Judiciary,Trans military personnel,yes,https://abcnews.go.com/US/unfair-exclusionary-policy-2nd-judge-blocks-trumps-transgender/story?id=120255260,,Procedural/Institutional
3/28/2025," A federal appeals court has paused a lower court order blocking President Donald Trump's ban on transgender people serving in the military, but has signaled that it may quickly reconsider that decision if the military takes action against transgender members.",Status Quo,,1,Federal Judiciary,Trans military personnel,yes,https://www.reuters.com/legal/appeals-court-wont-block-us-militarys-transgender-ban-now-2025-03-28/,,Procedural/Institutional
3/29/2025,"The Trump administration has ordered some French companies with U.S. government contracts to comply with his executive order banning diversity, equity, and inclusion programmes, highlighting the extraterritorial reach of U.S. policies and their potential impact on European corporate practices.",Diplomatic Disruption,Signpost - US foreign policy actions or statements aligning with domestic conservative agendas on gender and sexuality ,3,International/Multilateral,"women and girls, Marginalized ethnicity groups, LGBTQ+ individuals",limited,https://www.reuters.com/world/us-warns-french-companies-they-must-comply-with-trumps-diversity-ban-2025-03-29/,,Discursive/Symbolic
3/30/2025,"France's Ministry of Foreign Trade on Saturday said US interference in the diversity and inclusion policies of French firms is ""unacceptable."" The ministry statement was in response to a letter sent by the US embassy in Paris to several French firms warning them against using diversity programs, a frequent target of the Trump administration.",Diplomatic Disruption,Signpost - US foreign policy actions or statements aligning with domestic conservative agendas on gender and sexuality ,3,International/Multilateral,"women and girls, Marginalized ethnicity groups, LGBTQ+ individuals",limited,https://www.dw.com/en/france-slams-us-interference-in-firms-diversity-programs/a-72085616,https://www.politico.eu/article/france-belgium-scoff-at-anti-dei-policy-letter-from-donald-trump-administration/,Discursive/Symbolic
3/31/2025,"More than two dozen House Democrats are looking to protect and expand availability to gender-affirming care for transgender youths and adults as the Trump administration takes steps to sharply curb access. The Transgender Health Care Access Act, introduced Monday by Rep. Becca Balint (D-Vt.), would establish grants supporting medical education programs and professional training in transition-related care and expand its access in rural communities. ",Status Quo,,0,Federal Legislative,"Healthcare practitioners, transgender and gender-diverse youth, transgender and gender-diverse individuals",no,https://thehill.com/homenews/lgbtq/5223884-democrats-gender-affirming-care-trump-crackdown-trans-day-of-visibility/,,Procedural/Institutional
4/1/2025,"The changes to medical records hit federal systems first. In February, the Centers for Medicare and Medicaid Services removed sexual orientation and gender identity questions from enrollment forms for Medicare beneficiaries, and the U.S. DOGE Service said it had removed gender identity from the personal information pages of Veterans Health Administration patients. Now, the Trump administration’s efforts to strip these demographics from patient forms have reached the private sector. ",Political Disruption,Signpost - Public information and data erasure in government systems,3,Federal Executive,"LGBTQ+ individuals, transgender and gender-diverse individuals",no,https://www.statnews.com/2025/04/01/hhs-will-not-enforce-gender-sexual-orientation-data-medical-records-ehr/,,Procedural/Institutional
4/2/2025,The U.S. Department of Agriculture (USDA) said Wednesday it had frozen federal funds for some Maine education programs over the state’s refusal to ban transgender students from girls’ and women’s sports as ordered by President Trump and his administration. ,Economic Disruption ,Signpost - Punitive withdrawal of federal welfare funding to compel state compliance with executive policy priorities,4,State Government,"transgender and gender-diverse youth, Education practitioners",no,https://thehill.com/homenews/administration/5229058-maine-transgender-students-sports-funding/,,Procedural/Institutional
4/3/2025,"At least eight U.S. allies in Europe have adjusted their travel advisories for trans and nonbinary citizens seeking to cross the pond, with several directly citing the Trump administration's two-sex policy.",Diplomatic Disruption,Signpost - Foreign governments issuing travel warning or recognizing/processing claims on gender-based persecution in the US,2,International/Multilateral,"transgender and gender-diverse individuals, foreign nationals and international travelers",no,https://www.axios.com/2025/04/03/us-allies-travel-advisories-trump-transgender,,Discursive/Symbolic
4/3/2025,"A federal judge on Thursday denied a motion to stop the National Endowment for the Arts from barring funds to artists whose projects promote gender ideology, saying the agency no longer was doing it.",Status Quo,,-1,Federal Judiciary,Arts institutions & LGBTQ+-serving cultural organizations,no,https://apnews.com/article/nea-trump-arts-grants-lawsuit-84ad17aea6931bc502b248b058d0b2e3,,Procedural/Institutional
4/3/2025,"As the US National Institutes of Health (NIH) continues to defund nearly every research project on transgender health, the White House has directed the agency to focus on studying “regret” after a person transitions to align their body with their gender identity. Several NIH employees, who were granted anonymity because they are not authorized to speak to the press, confirmed the directive to Nature.",Hybrid Political/Social Disruption,Signpost - Political and policy decisions resulting in the erasure of gender-affirming care and related protections,3,Federal Agencies,transgender and gender-diverse individuals,no,https://www.nature.com/articles/d41586-025-01029-8,,Material Impact
4/4/2025,"In the Trump administration's latest anti-transgender action, the U.S. Departments of Justice and Education Friday announced a Title IX Special Investigations Team to investigate what they call “the pernicious effects of gender ideology in school programs and activities.” By that they mean acceptance of transgender students, and LGBTQ+ organizations are condemning the move",Political Disruption,Signpost - Politicization or repurposing of protective institutions for political objectives,2,Federal Agencies,"transgender and gender-diverse youth, Education practitioners",no,https://www.advocate.com/news/trump-anti-transgender-investigations,,Procedural/Institutional
4/5/2025,"Demonstrators gathered across the country on Saturday, many animated by differing issues, but united in opposition to the Trump administration with the single message: ""Hands off!"" Organizers said more than 1,300 ""Hands Off!"" rallies of varying sizes took place on Saturday.",Political Disruption,"Signpost - Mass, coordinated protests creating system-level political pressure",3,Civil Society/NGOs,Human rights advocates/activists,no,https://www.npr.org/2025/04/05/nx-s1-5353388/hands-off-protests-washington-dc,,Procedural/Institutional
4/5/2025,Woman's arrest after miscarriage in Georgia draws fear and anger,Social Disruption ,Signpost - Medical and ethical crises emerging from restrictive abortion policies,3,State Government,"women and girls, Reproductive healthcare patients and providers",no,https://www.nbcnews.com/news/us-news/georgia-arrest-miscarriage-fetal-personhood-rcna199400,,Material Impact
4/6/2025,Two South African prominent LGBTQ organizations have become the latest victims President Donald Trump’s executive order that froze most U.S. foreign aid that the U.S. Agency for International Development disbursed.,Diplomatic Disruption,Signpost - Use of conditional or punitive humanitarian aid to enforce conservative gender norms or restrict reproductive and LGTBQ+ rights,2,Federal Executive,international gender rights organizations,no,https://www.washingtonblade.com/2025/04/06/us-funded-south-african-lgbtq-groups-curtail-operations/,,Material Impact
4/7/2025,"The Trump administration quietly altered massive US health datasets to remove any mention of gender, according to a new analysis.About half of US datasets studied were “substantially altered” in the two months after Donald Trump assumed the presidency, an investigation has found. Their analysis included 232 US health datasets that were edited from late January to late March, covering veterans’ health care use, global tobacco consumption, stroke deaths, nutrition, exercise, and obesity.",Political Disruption,Signpost - Public information and data erasure in government systems,2,Federal Agencies,Academic and public health researchers,no,https://www.euronews.com/health/2025/07/04/trump-officials-secretly-changed-us-health-data-in-gender-ideology-crackdown-researchers-a,,Material Impact
4/7/2025,"The Maine Attorney General is suing the Trump administration for freezing funds that help feed children in schools and childcare centers, as well as adults with disabilities in congregate settings",Economic Disruption ,Signpost - Punitive withdrawal of federal welfare funding to compel state compliance with executive policy priorities,3,Federal Executive,local residents,no,https://mainemorningstar.com/briefs/maine-ag-sues-trump-administration-for-usda-funding-freeze-that-hit-school-meals/,,Material Impact
4/7/2025,"About half of US datasets studied were “substantially altered” in the two months after Donald Trump assumed the presidency, an investigation has found.
The Trump administration quietly altered massive US health datasets to remove any mention of gender, according to a new analysis.",Political Disruption,Signpost - Public information and data erasure in government systems,3,Federal Agencies,Academic and public health researchers,indirect,https://www.euronews.com/health/2025/07/04/trump-officials-secretly-changed-us-health-data-in-gender-ideology-crackdown-researchers-a,,Material Impact
4/8/2025,"April 1 was the first day of Sexual Assault Awareness Month. It's also the day the Department of Health And Human Services fired the teams that work on sexual violence prevention. The layoffs were part of a round of dramatic cuts to the federal health agencies, amid the Trump administration and Elon Musk's efforts to shrink the federal workforce.",Hybrid Political/Social Disruption,Signpost - Reduction of protections against gender-based violence ,2,Federal Agencies,"women and girls, victims of GBV, survivors of sexual violence",no,https://www.npr.org/2025/04/08/nx-s1-5349529/hhs-layoffs-sexual-assault-rape-prevention,,Material Impact
4/9/2025,"The U.S. government is reviewing federally funded repositories of human data to ensure they comply with a recent executive order on gender identity, according to an email reviewed by The Transmitter.",Political Disruption,Signpost - Public information and data erasure in government systems,3,Federal Agencies,"transgender and gender-diverse individuals, LGBTQ+ individuals",no,https://www.thetransmitter.org/policy/u-s-human-data-repositories-under-review-for-gender-identity-descriptors/,,Material Impact
4/10/2025,"U.S. Representatives Pramila Jayapal (WA-07), Jan Schakowsky (IL-09), Adriano Espaillat (NY-13), and Jimmy Panetta (CA-20) today introduced the Working for Immigrant Safety and Empowerment (WISE) Act to protect immigrant survivors of domestic violence, human trafficking, and gender-based violence. The bill would ensure that immigrants have access to protections intended by the bipartisan Violence Against Women Act (VAWA), the Trafficking Victim Protection Act (TVPA), and other federal and state laws. The bill would also move to ensure survivors pursuing relief are not detained or deported before their applications are fully adjudicated.",Status Quo,,-1,Federal Legislative,"victims of GBV, survivors of sexual violence",no,https://jayapal.house.gov/2025/04/10/jayapal-schakowsky-espaillat-panetta-introduce-legislation-to-protect-immigrant-survivors-of-violence-2/,,Procedural/Institutional
4/11/2025,"U.S. Attorney General Pam Bondi said during a live interview on Tuesday that all nonessential federal funding has been pulled from the Maine Department of Corrections because a transgender inmate is being held in a women's prison. Bondi made the announcement while making an appearance on the Fox News program ""Fox & Friends."" A graphic run during the interview showed that the Maine DOC was losing more than $1.5 million in federal grants.",Economic Disruption ,Signpost - Punitive withdrawal of federal welfare funding to compel state compliance with executive policy priorities,3,Federal Agencies,local residents,indirect,https://www.wmtw.com/article/maine-department-of-corrections-funding-pulled-pam-bondi/64419570,,Procedural/Institutional
4/11/2025,"The White House has ordered the National Institutes of Health (NIH) to study ""regret"" among transgender people who have transitioned, according to multiple reports.The decision was first reported by Nature based on statements from anonymous NIH employees. According to Nature, Matthew Memoli, M.D., who was serving as acting director of the NIH at the time, sent a memo to staff several weeks ago saying that the Department of Health and Human Services (HHS) “has been directed to fund research on a few specific areas” related to supposed “chemical and surgical mutilation” of children and adults.

",Political Disruption,Signpost - Politicization or repurposing of protective institutions for political objectives,2,Federal Agencies,transgender and gender-diverse individuals,no,https://www.fiercebiotech.com/research/trump-administration-orders-nih-study-regret-transgender-healthcare-reports,https://www.npr.org/sections/shots-health-news/2025/04/10/nx-s1-5355126/trump-nih-trans-regret-detransition-research,Procedural/Institutional
4/12/2025, U.S. President Donald Trump's administration moved to cut off all federal education funding for Maine's public schools after state officials said they would not comply with demands that it ban transgender athletes from girls' sports teams.,Economic Disruption ,Signpost - Punitive withdrawal of federal welfare funding to compel state compliance with executive policy priorities,4,Federal Executive,"youth, Education practitioners",no,https://www.reuters.com/legal/trump-administration-cannot-freeze-maine-school-lunch-funds-over-transgender-2025-04-12/,,Procedural/Institutional
4/12/2025,"President Donald Trump’s pick for a top health post has called for transgender youth to undergo “corrective care” instead of transitioning and has repeated conspiracy theories about the covid-19 pandemic, according to a Washington Post review of his podcast and radio appearances.",Political Disruption,Signpost - Politically driven misinformation or conspiracy narratives about gender diversity and reproductive health,1,Federal Agencies,transgender and gender-diverse youth,no,https://www.washingtonpost.com/health/2025/04/12/christine-hhs-trump-nominee-transgender/,,Discursive/Symbolic
4/13/2025,"As the Safeguard American Voter Eligibility Act heads to the Senate, there has been growing debate on how the bill may affect voting for millions of married women, particularly those who have changed their last names, if it becomes law. Among the most notable changes outlined in the bill is the requirement to prove U.S. citizenship before registering to vote. Acceptable documents will include a birth certificate, U.S. passport, naturalization paperwork and certain versions of the Real ID that indicate citizenship. But for as many as 69 million American women who have taken on their spouse's name, their birth certificates no longer match the names they use today, according to an analysis by the progressive Center for American Progress. Meanwhile, more than half of all Americans do not have a passport, according to a 2023 YouGov survey.",Status Quo,,0,Federal Legislative,"women and girls, transgender and gender-diverse individuals",no,https://www.npr.org/2025/04/13/g-s1-59684/save-act-married-women-vote-rights-explained,,Procedural/Institutional
4/13/2025,"U.S. Rep. Nancy Mace, a South Carolina Republican who is a vocal anti-transgender voice in Congress, praised Iowa's new law removing gender identity as a protected class from the Iowa Civil Rights Act in a visit Saturday to the Hawkeye State where she repeated a transphobic slur.",Status Quo,,0,Federal Legislative,"local residents, transgender and gender-diverse individuals",no,https://www.desmoinesregister.com/story/news/politics/2025/04/13/nancy-mace-praises-iowa-leading-u-s-in-ending-trans-civil-rights/83042662007/?gnt-cfr=1&gca-cat=p&gca-uir=false&gca-epti=z115747p119750c119750u115847v115747&gca-ft=314&gca-ds=sophi,,Discursive/Symbolic
4/14/2025,"Prime Minister Viktor Orban of Hungary on Monday escalated his culture war against what he calls “gender madness,” after his governing party voted to amend the Constitution to mandate that all Hungarians are either male or female.",Diplomatic Disruption,Signpost - Adoption of US aligned conservative gender policies by foreign governments ,3,International/Multilateral,transgender and gender-diverse individuals,no,https://www.nytimes.com/2025/04/14/world/europe/hungary-two-genders-constitution.html,,Discursive/Symbolic
4/14/2025,"Hungary's parliament on Monday passed an amendment to the constitution that allows the government to ban public events by LGBTQ+ communities, a decision that legal scholars and critics call another step toward authoritarianism by the populist government.",Diplomatic Disruption,Signpost - Adoption of US aligned conservative gender policies by foreign governments ,2,International/Multilateral,transgender and gender-diverse individuals,no,https://www.pbs.org/newshour/world/hungary-passes-constitutional-amendment-to-ban-lgbtq-public-events,,Discursive/Symbolic
4/15/2025,The Trump administration is asking a federal judge to reject a challenge from two Harvard University Medical School physicians seeking to block the government’s removal of research papers because they included terms related to the LGBTQ communities.,Political Disruption,Signpost - Public information and data erasure in government systems,2,Federal Judiciary,Academic and public health researchers,no,https://news.bloomberglaw.com/health-law-and-business/trump-fights-harvard-doctors-over-pulled-lgbtq-related-studies,,Procedural/Institutional
4/15/2025,A bill introduced in the Massachusetts Senate this week would help healthcare professionals and lawyers safely work with people who want to get gender-affirming care or reproductive health care.,Political Progression ,"Signpost - State and federal expansion or continued protections of gender, reproductive, or  LGTBQ+ frameworks",-1,State Government,"transgender and gender-diverse individuals, Healthcare practitioners, Legal practitioners",no,https://www.lgbtqnation.com/2025/04/massachusetts-democrats-introduce-bill-to-protect-trans-people-from-federal-investigations/,,Procedural/Institutional
4/16/2025," The U.K. Supreme Court ruled Wednesday that a British equalities law defines a woman as someone born biologically female. Justice Patrick Hodge said five judges at the court had ruled unanimously that ""the terms 'woman' and 'sex' in the Equality Act refer to a biological woman and biological sex.""",Diplomatic Disruption,Signpost - Adoption of US aligned conservative gender policies by foreign governments ,4,International/Multilateral,transgender and gender-diverse individuals,no,https://www.cbsnews.com/news/uk-supreme-court-ruling-gender-equalities-law-defines-woman-born-biological-female/,,Procedural/Institutional
4/16/2025,"U.S. Attorney General Pam Bondi said on Wednesday that the Justice Department has filed a lawsuit against Maine, in an escalation of President Donald Trump's conflict with the state for refusing to ban transgender athletes from participating in women's and girls' sports. Maine officials did not immediately respond to a request for comment.",Political Disruption,Signpost - Federal agency intervention targeting states resisting discriminatory federal policies,3,State Government,transgender and gender-diverse youth,no,https://www.reuters.com/world/us/us-take-legal-action-against-maine-over-trump-executive-order-transgender-2025-04-16/,,Procedural/Institutional
4/18/2025,"The justice department’s civil rights division is shifting its focus away from its longstanding work protecting the rights of marginalized groups and will instead pivot towards Donald Trump’s priorities including hunting for noncitizen voters and protecting white people from discrimination, according to new internal mission statements seen by the Guardian.",Political Disruption,Signpost - Politicization or repurposing of protective institutions for political objectives,2,Federal Executive,"Marginalized ethnicity groups, women and girls, LGBTQ+ individuals",indirect,https://www.theguardian.com/us-news/2025/apr/18/justice-department-civil-rights-division-trump,,Procedural/Institutional
4/18/2025,A group of transgender plaintiffs sued President Trump and the State Department over a new rule prohibiting passports from including a gender different from the sex listed on an original birth certificate.,Status Quo,,0,Federal Judiciary,transgender and gender-diverse individuals,no,https://www.nytimes.com/2025/04/18/us/trump-passport-changes-transgender.html ,,Procedural/Institutional
4/19/2025,"Last year, the United States gave $830 million in emergency aid, helping 4.4 million Sudanese, the United Nations estimates. That was far more aid than any other country provided. But after Mr. Trump halted that lifeline in January by dismantling the U.S. Agency for International Development, the effect in Khartoum was devastating. Within days, over 300 soup kitchens run by Emergency Response Rooms, a network of democracy activists turned volunteer aid workers, were forced to close. In Jereif West, the neighborhood where Ms. Tariq works, hungry residents roved the streets in search of food amid shelling and drone strikes.",Diplomatic Disruption,"Signpost - US withdrawal from or defunding of international organizations advancing gender, LGBTQ+, or reproductive rights",2,International/Multilateral,International aid recipients,indirect,https://www.nytimes.com/2025/04/19/world/africa/sudan-usaid-famine.html,,Material Impact
4/21/2025,"The White House has been hearing out a chorus of ideas in recent weeks for persuading Americans to get married and have more children, an early sign that the Trump administration will embrace a new cultural agenda pushed by many of its allies on the right to reverse declining birthrates and push conservative family values.
",Status Quo,,0,,"women and girls, Reproductive healthcare patients and providers",no,https://www.nytimes.com/2025/04/21/us/politics/trump-birthrate-proposals.html,,Discursive/Symbolic
4/21/2025,"The Trump administration has proposed eliminating funding for a crucial suicide hotline dedicated to LGBTQ+ youth. A leaked budget draft, first obtained by The Washington Post, shows the federal government's plans to eliminate all funding for the 988 Suicide & Crisis Lifeline’s LGBTQ+ Youth Specialized Services – a federal program that provides emergency crisis support to LGBTQ+ youth considering suicide – effective October 1.",Social Disruption ,Signpost - Rollback of gender-conscious and racial equity programs,2,Federal Executive,LGTBQ+ youth,no,https://www.advocate.com/politics/trump-suicide-hotline-lgbtq-youth,,Material Impact
4/22/2025, President Donald Trump's administration on Tuesday urged an appeals court to let it enforce its ban on openly transgender service members in the military.,Security Disruption,"Signpost -Removal of gender diverse and trans individuals from law enforcement, military, and intelligence roles",3,Federal Executive,Trans military personnel,yes,https://www.reuters.com/legal/government/trump-administration-pushes-appeals-court-enforce-militarys-transgender-ban-2025-04-22/,,Procedural/Institutional
4/23/2025,Minnesota became the first state to sue the Justice Department over its threats to cut federal funding to states that allow transgender girls and women to participate on sports teams that correspond with their gender identity.,Status Quo,,-1,Federal Judiciary,transgender and gender-diverse youth,no,https://www.nytimes.com/2025/04/22/us/minnesota-trump-transgender-athletes.html,,Procedural/Institutional
4/24/2025,"Attorney General Pam Bondi ordered gender-affirming care procedures for youth to be investigated in a Tuesday memo. Bondi in the memo ordered employees of the Justice Department look into and hold accountable “medical providers and pharmaceutical companies that mislead the public about the long-term side effects of chemical and surgical mutilations” for young people, seemingly a reference to gender-affirming care treatments including hormone replacement treatment.",Political Disruption,Signpost - Politicization or repurposing of protective institutions for political objectives,1,Federal Executive,"transgender and gender-diverse youth, Pediatric healthcare providers",indirect,https://thehill.com/homenews/lgbtq/5265977-florida-attorney-general-orders-investigation/,,Procedural/Institutional
4/24/2025,"The University of Toledo is suspending nine undergraduate programs in response to a controversial new higher education law that is set to take effect this summer. Admission to Africana studies, Asian studies, data analytics, disability studies, Middle East studies, philosophy, religious studies, Spanish and women’s and gender studies programs has been suspended starting with the 2025-26 school year “in compliance with SB1,” according to a Monday news release from the university.  ",Social Disruption ,Signpost - Federal/state government intervention in educational curricula appealing towards more traditional views on gender and sexuality,2,Education Systems,youth,no,https://19thnews.org/2025/04/university-of-toledo-suspends-programs-dei/,,Material Impact
4/24/2025,"The Pentagon will resume gender-affirming care for transgender service members, according to a memo obtained by POLITICO, an embarrassing setback to Defense Secretary Pete Hegseth’s efforts to restrict their participation.",Social Progression,Signpost- Restoration of reproductive and gender-affirming services following institutional pause,-2,US Military,Trans military personnel,no,https://www.politico.com/news/2025/04/24/transgender-troops-military-care-00306827,,Procedural/Institutional
4/24/2025,"The US Army has introduced a sweeping overhaul of its gender-based combat fitness standards, now requiring female soldiers to meet the same physical benchmarks as their male counterparts.",Hybrid Political/Security Disruption,Signpost - Removal or reinterpretation of institutional safeguards protecting LGBTQIA+ or women's equity,2,US Military,Women servicemembers or veterans,indirect,https://thedefensepost.com/2025/04/24/us-army-fitness-rules/,,Procedural/Institutional
4/25/2025,"Children’s Healthcare of Atlanta will no longer offer gender-affirming care amid pressure from the Trump administration. Parents of transgender children receiving care at Children’s received messages, shared with the Atlanta Journal-Constitution, through their online patient portal informing them Children’s would be moving patients receiving gender-affirming care to other organizations and would not accept new patients “due to threats to federal funding.”",Social Disruption ,"Signpost - Service withdrawal or denial driven by anticipated legal, financial, or political retaliation",2,Healthcare Systems,transgender and gender-diverse youth,no,https://roughdraftatlanta.com/2025/04/25/childrens-healthcare-gender-affirming/,,Material Impact
4/25/2025,"For years, U.S. funding has provided a lifeline for millions of Afghans facing ongoing crisis. However, recent aid cuts have forced the IRC to suspend critical programs that provide health care, vaccination, malnutrition treatment, clean water and protection services. As a result, over 700,000 people, including refugees and displaced families, will lose access to essential humanitarian services from IRC programming alone. Life-saving treatment for more than 15,000 young children suffering from malnutrition has been disrupted.",Diplomatic Disruption,"Signpost - US withdrawal from or defunding of international organizations advancing gender, LGBTQ+, or reproductive rights",2,International/Multilateral,International aid recipients,no,https://www.rescue.org/article/us-aid-cuts-are-impacting-millions-afghans,,Material Impact
4/25/2025,"On the day of Donald Trump’s inauguration as US president on 20 January, an executive order was issued to immediately suspend and review all of the United States Agency for International Development’s (USAID) activities around the globe. The results of that review were contained in a letter that USAID sent to the US Congress in late March. It reported that 898 projects in its portfolio of “awards” (spanning grants, contracts, and cooperative agreements) — with a total estimated cost of US$78 billion — would remain active. Another 5,341 projects — with a total estimated cost of US$75.9 billion — would be terminated. With regard to Laos, the Center for Global Development calculates that 72 per cent of USAID’s total portfolio of projects in the country, with a combined value of US$20.5 million, are being terminated. An initial scan of the list of USAID projects to either be kept or terminated suggests only one, pertaining to maternal child health and nutrition, will survive the cuts. Other projects focused on disability sector support, tackling human trafficking, capacity strengthening of people’s assemblies, energy security, and private sector development have been shut down.",Diplomatic Disruption,"Signpost - US withdrawal from or defunding of international organizations advancing gender, LGBTQ+, or reproductive rights",2,International/Multilateral,"international gender rights organizations, International aid recipients",no,https://fulcrum.sg/us-aid-cuts-and-travel-ban-will-impact-laos/,,Material Impact
4/26/2025,"President Trump has championed access to in vitro fertilization (IVF) and even dubbed himself the “fertilization president” early in his second term. But Department of Government Efficiency-induced layoffs at the Department and Health and Human Services (HHS) have decimated maternal health and reproductive medicine programs, including teams that report on fertility outcomes of IVF clinics, as well as those that track maternal health and mortality data. ",Political Disruption,Signpost - Public information and data erasure in government systems,2,Federal Agencies,"women and girls, Reproductive healthcare patients and providers",no,https://thehill.com/policy/healthcare/5266568-ivf-access-trump-reproductive/,,Material Impact
4/27/2025,"Companies that were once loud and proud in supporting LGBTQ+ community celebrations are pulling back. LGBTQ+ Pride festivals across the country have faced significant sponsorship challenges this year, with some losing corporate partners that collectively provided six-figure donations. As a result, organizations say they’ve had to modify their programming, pivot to other funding sources and reconsider their dependencies on corporate dollars.",Social Disruption ,"Signpost - Service withdrawal or denial driven by anticipated legal, financial, or political retaliation",1,Corporate/Private Sector,LGBTQ+ individuals,no,https://www.cnbc.com/2025/04/27/companies-lgbtq-pride-festivals.html,,Material Impact
4/28/2025,"The Trump administration is reportedly planning to eliminate the 988 Suicide & Crisis Lifeline's specialized services for LGBTQ+ youth. The administration would cut all funding for the 988 Suicide & Crisis Lifeline's LGBTQ+ Youth Specialized Services, according to a leaked budget draft first reported on by The Washington Post. If approved, the cuts would go into effect in October. ",Hybrid Political/Social Disruption,Signpost - Politically motivated withholding of welfare funding and services targeting women or marginalized populations,3,Federal Executive,transgender and gender-diverse youth,no,https://www.newsweek.com/trump-shutting-lgbtq-suicide-hotline-2064986 ,,Material Impact
4/29/2025,"Defense Secretary Pete Hegseth announced Tuesday he was ending the Defense Department’s Women, Peace and Security program, which he termed a “Biden initiative” and that was enacted by President Donald Trump in his first term, championed by his daughter Ivanka Trump and based on a law co-sponsored by Secretary of State Marco Rubio when he was a member of the Senate.",Hybrid Political/Security Disruption,Signpost - Removal or reinterpretation of institutional safeguards protecting LGBTQIA+ or women's equity,4,US Military,"federal workforce, Women servicemembers or veterans",yes,https://www.cnn.com/2025/04/29/politics/hegseth-ending-pentagon-trump-women-initiative,,Procedural/Institutional
4/29/2025,The White House issued a fact sheet Monday detailing steps the Trump administration has taken toward implementing its January executive order limiting gender-affirming medical treatments for minors. ,Hybrid Political/Social Disruption,Signpost - Political and policy decisions resulting in the erasure of gender-affirming care and related protections,2,Federal Executive,"Pediatric healthcare providers, transgender and gender-diverse youth",no,https://www.healthcaredive.com/news/trump-administration-youth-gender-affirming-care-doj-hhs/746553/,,Procedural/Institutional
4/30/2025,"The legal clashes over President Trump’s blizzard of executive actions are intensifying, with new lawsuits and fresh rulings emerging day and night. As of April 30, at least 131 of those rulings have at least temporarily paused some of the administration’s initiatives. Mr. Trump has responded angrily, and even called for the impeachment of a federal judge who ruled against his administration on deportation flights, earning a rare public rebuke from Chief Justice John G. Roberts Jr. ",Political Disruption,Signpost - Executive branch pressure on the judiciary/ intimidation of judges,3,Federal Judiciary,Legal practitioners,indirect,https://www.nytimes.com/interactive/2025/us/trump-administration-lawsuits.html ,,Discursive/Symbolic
4/30/2025,"On April 23rd, Attorney General Pam Bondi issued a memo to all Department of Justice employees with guidance on implementing an earlier Trump Executive Order attempting to ban gender affirming care under the age of 19. Repeatedly through the memo, Bondi suggests that gender affirming care could be a violation of federal law under 18 U.S.C. § 116, the law prohibiting female genital mutilation, the practice of removing or partially removing the clitoris or vulva, typically found in societies with extreme gender inequality. “I am putting medical practitioners, hospitals, and clinics on notice.” Bondi continues, “In the United States, it is a felony to perform, attempt to perform, or conspire to perform female genital mutilation (""FGM""*) on any person under the age of 18.”",Security Disruption,Signpost -  Targeting of healthcare officials and personnel providing gender affirming services and care,3,Federal Executive,"Healthcare practitioners, transgender and gender-diverse youth",yes,https://www.assignedmedia.org/breaking-news/attorney-general-pam-bondi-issues-guidance-doj-trump-executive-orders,https://www.whitehouse.gov/fact-sheets/2025/04/report-to-the-president-on-protecting-children-from-surgical-and-chemical-mutilation-executive-summary/,Procedural/Institutional
4/30/2025,"The legal clashes over President Trump’s blizzard of executive actions are intensifying, with new lawsuits and fresh rulings emerging day and night. As of April 30, at least 131 of those rulings have at least temporarily paused some of the administration’s initiatives. Mr. Trump has responded angrily, and even called for the impeachment of a federal judge who ruled against his administration on deportation flights, earning a rare public rebuke from Chief Justice John G. Roberts Jr.",Status Quo,,1,Federal Executive,Legal practitioners,no,https://www.nytimes.com/interactive/2025/us/trump-administration-lawsuits.html,,Discursive/Symbolic
4/30/2025,"On April 23rd, Attorney General Pam Bondi issued a memo to all Department of Justice employees with guidance on implementing an earlier Trump Executive Order attempting to ban gender affirming care under the age of 19. Repeatedly through the memo, Bondi suggests that gender affirming care could be a violation of federal law under 18 U.S.C. § 116, the law prohibiting female genital mutilation, the practice of removing or partially removing the clitoris or vulva, typically found in societies with extreme gender inequality. “I am putting medical practitioners, hospitals, and clinics on notice.” Bondi continues, “In the United States, it is a felony to perform, attempt to perform, or conspire to perform female genital mutilation (""FGM""*) on any person under the age of 18.”",Hybrid Political/Social Disruption,Signpost - Political and policy decisions resulting in the erasure of gender-affirming care and related protections,3,Federal Agencies,"Pediatric healthcare providers, transgender and gender-diverse youth",no,https://www.assignedmedia.org/breaking-news/attorney-general-pam-bondi-issues-guidance-doj-trump-executive-orders ,,Procedural/Institutional
5/1/2025,Support centers for Nepal’s LGBTQ+ community forced to shut as Trump administration dismantles USAID,Diplomatic Disruption,"Signpost - US withdrawal from or defunding of international organizations advancing gender, LGBTQ+, or reproductive rights",2,International/Multilateral,International aid recipients,no,https://apnews.com/video/support-centers-for-nepals-lgbtq-community-forced-to-shut-as-trump-administration-dismantles-usaid-5b47e99db2be479283e71043508d8247,,Material Impact
5/1/2025,The US Department of Health and Human Services on Thursday released a 400-page review of treatment for gender dysphoria in children but did not disclose who authored or reviewed the report.,Political Disruption,Signpost - Politicization or repurposing of protective institutions for political objectives,1,Federal Agencies,transgender and gender-diverse youth,no,https://www.cnn.com/2025/05/01/health/gender-affirming-care-trump-review,,Procedural/Institutional
5/2/2025,"The Department of Health and Human Services released a review on Thursday that found that the quality of evidence regarding the effects of transition-related care for minors “is very low,” and that, as a result, many U.S. doctors have managed to unintentionally “fail their patients” by providing them with such care.",Social Disruption ,,1,Federal Agencies,Healthcare practitioners,no,https://www.nbcnews.com/nbc-out/out-health-and-wellness/hhs-breaks-major-us-medical-groups-review-pediatric-gender-care-rcna204185,,Procedural/Institutional
5/3/2025,A leading advocate for LGBTQ rights in Florida says every anti-LGBTQ bill filed in the 2025 legislative session was defeated.,Political Progression ,,3,State Government,LGBTQ+ individuals,no,https://www.wlrn.org/government-politics/2025-05-03/florida-advocates-celebrate-defeat-of-anti-lgbtq-bills-in-2025-legislative-session,,Procedural/Institutional
5/4/2025,"The Trump administration has scrapped more than $800 million worth of research into the health of L.G.B.T.Q. people, abandoning studies of cancers and viruses that tend to affect members of sexual minority groups and setting back efforts to defeat a resurgence of sexually transmitted infections, according to an analysis of federal data by The New York Times.",Economic Disruption ," Signpost - Cuts  or divestments in federal scientific, evidence-based research, or mass media related to equity, gender, or social policy",4,Federal Agencies,Academic and public health researchers,no,https://www.nytimes.com/2025/05/04/health/trump-administration-slashes-research-into-lgbtq-health.html ,,Material Impact
5/5/2025,"The U.S. government encouraged people to report on doctors in Canada who provide gender-affirming care to children—signaling a chilling new cross-border reach in its anti-trans agenda. In mid April, the U.S. Department of Health and Human Services (HHS) posted a form on its website soliciting “tips” about the “Chemical and Surgical Mutilation of Children,” echoing the language of Donald Trump’s executive order attempting to block gender-affirming care to those under 19 years old.",Diplomatic Disruption,Signpost - US foreign policy actions or statements aligning with domestic conservative agendas on gender and sexuality ,3,,"Trans community, US-Canada relations, Healthcare practitioners",yes,https://breachmedia.ca/trump-admin-anti-trans-snitch-site-targeted-canadian-doctors/,,Societal Behavior and Norms
5/5/2025,"In a series of unpublicized revisions last month, the federal Bureau of Justice Statistics has removed all references to gender or gender identity from at least four federal surveys, The Appeal has confirmed. Experts say these changes will make it nearly impossible to monitor crimes and other forms of violence experienced by trans people.",Political Disruption,Signpost - Public information and data erasure in government systems,3,Federal Agencies,"transgender and gender-diverse individuals, LGBTQ+ individuals",yes,https://theappeal.org/trump-doj-erases-trans-people-from-crime-data-surveys/ ,,Material Impact
5/5/2025,The Trump administration asked a federal judge on Monday to dismiss a lawsuit that seeks to sharply restrict access to the abortion pill mifepristone — taking the same position as the Biden administration in a closely watched case that has major implications for abortion access.,Status Quo,,-1,Federal Judiciary,Reproductive healthcare patients and providers,no,https://www.nytimes.com/2025/05/05/health/trump-abortion-pill-case.html ,,Procedural/Institutional
5/5/2025,"The plaintiffs in a lawsuit challenging Alabama’s 2022 ban on gender-altering procedures for children have dropped their suit, the state attorney general’s office announced. The three-year-old challenge from the American Civil Liberties Union, Southern Poverty Law Center and a group of law firms was initiated with help from the Biden administration. The move to dismiss the suit was filed May 1 in U.S. District Court in Alabama’s Middle District.",Status Quo,,1,Federal Judiciary,transgender and gender-diverse youth,no,https://www.alabamaag.gov/attorney-general-steve-marshall-announces-victory-in-defense-of-alabamas-law-prohibiting-sex-change-procedures-for-minors/,,Procedural/Institutional
5/5/2025,"Since President Donald Trump appointed Scott Turner to take the helm at HUD, the Office of Fair Housing and Equal Opportunity has instructed staff to pause investigations of all gender identity discrimination cases, according to two HUD attorneys who spoke on condition of anonymity for fear of losing their jobs or benefits.",Hybrid Political/Social Disruption,Signpost - Systemic rollback or reinterpretation of gender-related legal protections affecting public application and access,2,Federal Agencies,LGBTQ+ individuals,no,https://www.cbs42.com/news/ap-top-headlines/ap-trump-is-swiftly-undoing-transgender-protections-in-huds-housing-policies/ ,,Material Impact
5/6/2025,"The Supreme Court on Tuesday allowed President Donald Trump’s administration to enforce a ban on transgender people in the military, while legal challenges proceed. The court acted in the dispute over a policy that presumptively disqualifies transgender people from military service and could lead to the expulsion of experienced, decorated officers. The court’s three liberal justices said they would have kept the policy on hold. Neither the justices in the majority or dissent explained their votes, which is not uncommon in emergency appeals.",Hybrid Political/Security Disruption,Signpost - Removal of qualified civil servants and service members in national security sectors due to sexual orientation or gender identity,4,Federal Judiciary,Trans military personnel,no,https://apnews.com/article/supreme-court-transgender-military-ban-ef67038857bd5b99e128bf0b8866afb4 ,https://www.nytimes.com/2025/02/27/us/politics/trans-troops-pentagon-figures.html ,Procedural/Institutional
5/6/2025,"-""No more trans @ DoD,"" Defense Secretary Pete Hegseth said on X. In a separate Defense Department post earlier Tuesday, before the decision was issued, Hegseth said in a video: ""No more dudes in dresses. We are done with that s---.""",Political Disruption,Signpost - Political actors amplifying divisive or gender-targeted rhetoric,3,,Trans military personnel,yes,https://economictimes.indiatimes.com/news/international/global-trends/us-news-supreme-court-trump-administration-transgender-military-ban-no-more-dudes-in-dresses-pete-hegseth/articleshow/120958274.cms?from=mdr ,https://www.defense.gov/News/Transcripts/Transcript/Article/4176603/secretary-of-defense-pete-hegseth-delivers-keynote-address-at-special-operation/ ,Societal Behavior and Norms
5/6/2025,"The Trump administration publicly attributed ongoing delays and long wait times at the Social Security Administration to prior work-from-home policies and what it described as an emphasis on “radical DEI and gender ideology,” according to a statement from a spokesperson for Acting Social Security Commissioner Lee Dudek. The comments were made in response to reporting on service delays affecting beneficiaries seeking assistance by phone, email, or in person.",Social Disruption ,Signpost - Decline in the efficiency of public government services,1,Federal Executive,Beneficiaries of federal programs,no,https://www.msnbc.com/top-stories/latest/social-security-delays-wait-times-dei-trump-newsletter-rcna205125 ,,Material Impact
5/7/2025,"Obesity drugmaker Novo Nordisk (NOVOb.CO), opens new tab said on Wednesday it would drop gender representation requirements for senior leadership positions in its U.S. business following executive orders by President Donald Trump to stop diversity, equity and inclusion initiatives.",Social Disruption ,,1,Corporate/Private Sector,women and girls,no,https://www.reuters.com/sustainability/society-equity/drugmaker-novo-nordisk-drops-gender-representation-requirements-us-2025-05-07/,,Material Impact
5/8/2025,"The Pentagon will immediately begin moving as many as 1,000 openly identifying transgender service members out of the military and give others 30 days to self-identify under a new directive issued Thursday. Buoyed by Tuesday’s Supreme Court decision allowing the Trump administration to enforce a ban on transgender individuals in the military, the Defense Department will begin going through medical records to identify others who haven’t come forward.",Hybrid Political/Security Disruption,Signpost - Removal of qualified civil servants and service members in national security sectors due to sexual orientation or gender identity,3,US Military,Trans military personnel,yes,https://apnews.com/article/trangender-troops-ban-military-trump-pentagon-1d152b538a37e230fd48f33432dea273 ,,Material Impact
5/9/2025,"The Pentagon ordered military educational institutions to pull and review any books that promote what it called ""divisive concepts and gender ideology"" on Friday, in the latest move from President Donald Trump's administration against diversity, equity and inclusion.",Social Disruption ,,2,US Military,"Women servicemembers or veterans, Trans military personnel",no,https://www.reuters.com/world/us/us-military-ordered-pull-books-diversity-gender-issues-2025-05-09/,,Material Impact
5/9/2025,"The Trump administration’s decision to gut reproductive health research is alarming some conservatives, who worry it undercuts the president’s pro-family agenda. Health Secretary Robert F. Kennedy Jr. laid off thousands of federal employees last month, including about 80 who worked at the Centers for Disease Control’s Division of Reproductive Health, according to three former CDC staffers granted anonymity to speak candidly on agency dynamics.",Social Disruption ,,2,Federal Agencies,Academic and public health researchers,no,https://www.politico.com/news/2025/05/09/hhs-cuts-pregnancy-data-00336938,,Material Impact
5/12/2025,"The GSA has moved to revoke a 2016 policy bulletin saying that agencies in facilities under its authority must not discriminate on the basis of gender identity in “services, privileges, accommodations, and activities provided on the property” such as restrooms.",Social Disruption ,,,Federal Agencies,,no,https://www.fedweek.com/federal-managers-daily-report/gsa-revokes-gender-identity-policy-for-restrooms-other-facilities/,,Material Impact
5/12/2025," The Pentagon is halting gender-affirming healthcare for transgender troops as it moves to implement President Donald Trump's plan to kick them out of the U.S. military, according to a memo seen by Reuters on Monday.",Security Disruption,,,US Military,,yes,https://www.reuters.com/business/healthcare-pharmaceuticals/pentagon-halting-gender-affirming-health-care-transgender-troops-memo-says-2025-05-12/,,Procedural/Institutional
5/13/2025," Major social media platforms such as Instagram and YouTube have failed to protect LGBTQ+ users from hate and harassment, in part, because they intentionally rolled back previous safety practices, the advocacy group GLAAD said Tuesday in its annual Social Media Safety Index. The report said that recent “unprecedented hate speech policy rollbacks” from Instagram and Facebook parent Meta Platforms and Google’s YouTube are “actively undermining the safety of LGBTQ people” both online and offline. Meta’s rollback now allows users to call LGBTQ people “mentally ill,” among other policy changes.",Social Disruption ,,,Cultural/Media Institutions,,no,https://apnews.com/article/social-media-lgbtq-tiktok-x-facebook-instagram-glaad-f790bda1bc3f169ef28ca3f441ea8447,https://glaad.org/social-media-safety-index-unveils-how-tech-companies-intentionally-rolled-back-lgbtq-safety-policies/,Societal Behavior and Norms
5/13/2025,"More than 100 House Democrats urged the Department of Health and Human Services (HHS) to spare a crisis service for LGBTQ youth from federal funding cuts, calling the plan, part of a leaked budget proposal, “ill-advised” and dangerous in a letter addressed Tuesday to Health Secretary Robert F. Kennedy Jr. ",Status Quo,,0,Federal Legislative,LGTBQ+ youth,no,https://thehill.com/homenews/lgbtq/5298112-house-democrats-lgbtq-suicide-hotline-funding-cuts/,,Procedural/Institutional
5/13/2025,"Dozens of trans people and their allies gathered in the outdoor Capitol rotunda Friday, chanting at the top of their lungs. They will not erase us. The next day, the Texas House of Representatives preliminarily passed a bill that aims to do just that. House Bill 229 strictly defines men and women based on the reproductive organs they were born with, and orders state records to reflect this binary. The bill, titled the “Women’s Bill of Rights,” lays out the “biological truth for anybody who is confused,” said author Rep. Ellen Troxclair, an Austin Republican.",Status Quo,,1,,,no,https://www.elpasotimes.com/story/news/texasregion/2025/05/13/texas-house-approved-hb-229-defining-gender-based-on-sex-at-birth/83596025007/,,Procedural/Institutional
5/14/2025,"The UK’s equality watchdog is expected to give in to demands that it allow more time to consider its formal guidance on the supreme court ruling about gender issues, after what sources say has been a big backlash from staff and stakeholders.Some insiders believe the Equality and Human Rights Commission (EHRC) may be forced into a U-turn on its initial response, which was criticised as overly literal in defining how organisations should respond to the court decision that “woman” in the Equality Act refers only to a biological woman.",Diplomatic Disruption,Signpost - Adoption of US aligned conservative gender policies by foreign governments ,2,International/Multilateral,"international gender rights organizations, transgender and gender-diverse individuals",no,https://www.theguardian.com/society/2025/may/14/uk-equality-watchdog-to-extend-gender-guidance-consultation-say-insiders ,,Discursive/Symbolic
5/14/2025,"A Montana court has struck down a 2023 state law banning gender-affirming medical care for transgender minors, finding the measure’s prohibitions unlawful and in conflict with the state’s constitution.",Political Progression ,,-2,State Government,transgender and gender-diverse youth,no,https://thehill.com/homenews/lgbtq/5300455-montana-judge-transgender-youth-gender-affirming-care/,,Procedural/Institutional
5/15/2025,The Defense Department will begin screening troops for gender dysphoria during their routine physicals in an effort to boot transgender service members from the armed forces.,Hybrid Political/Security Disruption,Signpost - Removal of qualified civil servants and service members in national security sectors due to sexual orientation or gender identity,3,US Military,Trans military personnel,yes,https://www.militarytimes.com/news/pentagon-congress/2025/05/15/military-to-screen-for-gender-dysphoria-amid-transgender-ban-per-memo/,,Material Impact
5/15/2025,A federal judge in Texas ruled Thursday that the Equal Employment Opportunity Commission exceeded its authority by issuing a guidance providing protections for transgender employees.,Political Disruption,"Signpost - Judicial challenges seeking to weaken, reinterpret, or overturn gender-related civil rights precedents",2,Federal Judiciary,transgender and gender-diverse individuals,no,https://www.courthousenews.com/texas-federal-judge-strikes-down-transgender-workplace-protections/,,Procedural/Institutional
5/16/2025,"Judge Matthew Kacsmaryk — a far-right federal judge in the Northern District of Texas with a record of aligning with the GOP’s most extreme legal positions — issued a ruling declaring that Title VII no longer protects LGBTQ+ people from workplace discrimination. The decision directly contradicts the Supreme Court’s landmark 2020 ruling in Bostock v. Clayton County, which held that discrimination based on sexual orientation or gender identity is, by definition, sex discrimination. Kacsmaryk’s ruling marks one of the most alarming judicial rollbacks of LGBTQ+ rights in recent memory — and sets up a direct legal challenge to one of the foundational civil rights protections for queer and trans people in the United States.",Hybrid Political/Social Disruption,Signpost - Systemic rollback or reinterpretation of gender-related legal protections affecting public application and access,3,Federal Judiciary,LGBTQ+ individuals,no,"https://truthout.org/articles/federal-judge-strikes-down-lgbtq-protections-against-workplace-discrimination/  
",https://www.hrdive.com/news/texas-judge-vacates-harassment-guidance-gender-identity-eeoc/748405/ ,Procedural/Institutional
5/16/2025,"A pregnant woman in Georgia who was declared brain dead after a medical emergency has been on life support for three months to let the fetus grow enough to be delivered, a move her family says a hospital told them was required under the state’s strict anti-abortion law. With her due date still more than three months away, it could be one of the longest such pregnancies. Her family is upset that Georgia’s law that restricts abortion once cardiac activity is detected doesn’t allow relatives to have a say in whether a pregnant woman is kept on life support. Georgia’s so-called “heartbeat law” is among the restrictive abortion statutes that have been put in place in many conservative states since the Supreme Court overturned Roe v. Wade three years ago.",Social Disruption ,Signpost - Medical and ethical crises emerging from restrictive abortion policies,3,State Government,"women and girls, Reproductive healthcare patients and providers",no,https://apnews.com/article/pregnant-woman-brain-dead-abortion-ban-georgia-a85a5906e5b2c4889525f2300c441745 ,,Material Impact
5/17/2025,"House Republicans are proposing sweeping changes to the federal Medicaid program that would kick millions of beneficiaries off the health insurance program, which covers more than 71 million low-income Americans. The bill would introduce a raft of new rules and regulatory requirements for those seeking coverage. The bill would also bar Medicaid from funding services at clinics that also perform abortions, such as Planned Parenthood.",Social Disruption ,"Signpost - Service withdrawal or denial driven by anticipated legal, financial, or political retaliation",4,Federal Legislative,Beneficiaries of federal programs,no,https://www.usatoday.com/story/news/politics/2025/05/17/medicaid-republicans-congress-trump/83627668007/ ,,Material Impact
5/18/2025,The Pentagon issued a memorandum on Thursday instructing U.S. military commanders to “immediately” screen military members for gender dysphoria as part of President Donald Trump’s ban on transgender individuals serving in the military.,Hybrid Political/Security Disruption,Signpost - Removal of qualified civil servants and service members in national security sectors due to sexual orientation or gender identity,3,US Military,Trans military personnel,yes,https://americanmilitarynews.com/2025/05/us-military-to-screen-members-for-gender-dysphoria-immediately/?utm_source=smartnews ,,Procedural/Institutional
5/19/2025,President Donald J. Trump signed the TAKE IT DOWN Act into law — a key initiative of First Lady Melania Trump and a landmark step in the fight to protect victims of digital exploitation like revenge porn and deepfake image abuse.,Political Progression ,Signpost - Continued protections via accountability mechanisms,-1,Federal Executive,"survivors of sexual violence, women and girls",no,https://www.whitehouse.gov/articles/2025/05/icymi-president-trump-signs-take-it-down-act-into-law/,,Procedural/Institutional
5/20/2025,"Labour has cancelled its national women’s conference and restricted all-women shortlists as it awaits full guidance from the equalities watchdog, drawing criticism from transgender rights and gender-critical campaigners. The party’s governing body, the national executive committee (NEC), met on Tuesday to sign off plans to cancel the women’s conference, which was due to take place before the party’s annual conference in Liverpool in September. The Equality and Human Rights Commission’s interim advice, published after the supreme court decision that the term “woman” in the Equality Act refers only to a biological woman, has suggested that voluntary organisations should apply that rule. ",Diplomatic Disruption,Signpost - Adoption of US aligned conservative gender policies by foreign governments ,2,International/Multilateral,"women and girls, transgender and gender-diverse individuals, Human rights advocates/activists",no,https://www.theguardian.com/politics/2025/may/20/labour-to-cancel-its-womens-conference-after-supreme-court-gender-ruling ,,Procedural/Institutional
5/21/2025,A federal judge on Wednesday struck down regulations requiring most U.S. employers to provide workers with time off and other accommodations for abortions.,Political Disruption,"Signpost - Legislative or executive actions restricting reproductive, gender, or workplace rights",2,Federal Judiciary,"women and girls, Reproductive healthcare patients and providers",no,https://www.usnews.com/news/business/articles/2025-05-21/judge-vacates-federal-rules-requiring-employers-to-provide-accommodations-for-abortions,,Procedural/Institutional
5/21/2025,"U.S. Representatives Chrissy Houlahan (D-Penn.), Ranking Member of the Military Personnel Subcommittee; Adam Smith (D-Wash.), Ranking Member of the House Armed Services Committee; Mark Takano (D-Calif.), Chair of the Congressional Equality Caucus (CEC); Sara Jacobs (D-Calif.), Vice Chair of the CEC; and Eric Sorensen (D-Ill.), Co-Chair of the CEC introduced the Fit To Serve Act today, which affirms the rights of transgender people to serve in the United States Armed Forces by prohibiting discrimination on the basis of gender identity, including a diagnosis or potential diagnosis of gender dysphoria.",Status Quo,,0,Federal Legislative,Trans military personnel,no,https://houlahan.house.gov/news/documentsingle.aspx?DocumentID=4522,,Procedural/Institutional
5/22/2025,"The San Francisco AIDS Foundation is sueing the federal government due to Executive Order 14168 (Defending Women from  Gender Ideology Extremism and Restoring Biological Truth to the Federal Government). The foundation is arguing that this Trump order, as well as two other executive orders on DEI, violate the 1st and 14th Amendments by barring certain speech. They also argue that ""illegal DEI""--as used in the executive orders--is too loosely defined.",Status Quo,,0,Federal Judiciary,"Marginalized ethnicity groups, women and girls, LGBTQ+ individuals",no,https://www.courthousenews.com/judge-confronts-feds-over-vagueness-of-trumps-gender-ideology-dei-orders/,,Procedural/Institutional
5/22/2025,"The tax bill the House passed Thursday would bar Medicaid coverage of all transgender care and prohibit plans offered under the Affordable Care Act’s exchanges from covering such care as an essential health benefit, potentially jeopardizing access to care for hundreds of thousands of trans adults and an unknown number of minors.",Social Disruption ,"Signpost - Increase in discriminatory laws towards trans, queer, LGBTQIA+, or women",4,Federal Legislative,"Beneficiaries of federal programs, transgender and gender-diverse youth, transgender and gender-diverse individuals",no,https://www.nbcnews.com/nbc-out/out-politics-and-policy/house-passes-tax-bill-bans-medicaid-covering-transition-related-care-rcna208618 ,,Procedural/Institutional
5/23/2025,"On Thursday, House Republicans passed a bill that would ban Medicaid from covering gender-affirming care for trans people. Although an earlier version of the bill only targeted gender-affirming care for trans minors, the current version applies to trans people of all ages. ",Political Disruption,"Signpost - Legislative or executive actions restricting reproductive, gender, or workplace rights",4,Federal Legislative,"transgender and gender-diverse youth, Beneficiaries of federal programs, transgender and gender-diverse individuals",no,https://thehill.com/homenews/lgbtq/5316334-trump-big-beautiful-gop-budget-bill-medicaid-gender-affirming-care-transgender-americans/,,Procedural/Institutional
5/24/2025,Planned Parenthood North Central States said Friday that it plans to close over a third of its health centers across Minnesota and Iowa and lay off dozens of staff members in light of looming federal funding cuts and other budget constraints.,Social Disruption ,"Signpost - Service withdrawal or denial driven by anticipated legal, financial, or political retaliation",3,Healthcare Systems,"Reproductive healthcare patients and providers, Beneficiaries of federal programs",no,https://www.axios.com/local/twin-cities/2025/05/24/planned-parenthood-close-centers-iowa-minnesota-federal-funding-cuts,,Material Impact
5/25/2025,"The Texas Legislature approved a bill that would ban diversity, equity, and inclusion (DEI) policies and programs in public K-12 schools. Senate Bill 12, authored by Sen. Brandon Creighton, R-Conroe, will prohibit school districts from considering race, ethnicity, gender identity or sexual orientation in hiring decisions.",Political Disruption,"Signpost - Legislative or executive actions restricting reproductive, gender, or workplace rights",3,State Government,"youth, Marginalized ethnicity groups, women and girls, LGTBQ+ youth, transgender and gender-diverse youth",no,https://www.texastribune.org/2025/05/25/texas-dei-ban-schools-senate-bill-12,,Procedural/Institutional
5/26/2025,"European Union member states demanded that Hungary reverse its most recent anti-LGBTQ legislation, and called on the bloc’s executive to take action if Prime Minister Viktor Orban’s government fails to do so. The joint statement, signed by 17 EU members including France and Germany, was published after Hungarian police on Monday for the first time cited a new constitutional amendment to ban an LGBTQ march called by local human rights groups.",Diplomatic Progression ,Signpost - International organizations reiterate support for LGBTQ+ rights amidst backlash,-2,International/Multilateral,"LGBTQ+ individuals, Human rights advocates/activists",no,https://www.bloomberg.com/news/articles/2025-05-26/hungary-bans-pro-lgbtq-march-for-first-time-under-crackdown-law,,Discursive/Symbolic
5/27/2025,"Tucked into this year’s miscellaneous motor vehicle bill, which passed the House Tuesday, is a measure supporters say could ensure Vermont driver’s licenses continue to reflect their holders’ true gender identities, even as the White House has restricted how transgender, nonbinary, intersex and other people can express their identities on U.S. passports.",Political Progression ,"Signpost - State or federal policy actions that establish, reinstate, or expand gender, reproductive, or LGBTQ+ protections",-2,State Government,transgender and gender-diverse individuals,no,https://vtdigger.org/2025/05/27/final-reading-vermont-house-passes-bill-aimed-at-protecting-x-gender-option-on-drivers-licenses/,,Procedural/Institutional
5/27/2025,"Active-duty sailors diagnosed or displaying symptoms of gender dysphoria must choose to leave the service by June 6 or they will be involuntarily separated, according to a policy released last week from the Navy.",Security Disruption,"Signpost -Removal of gender diverse and trans individuals from law enforcement, military, and intelligence roles",4,US Military,Trans military personnel,yes,https://news.usni.org/2025/05/27/navy-details-new-separation-policy-for-sailors-with-gender-dysphoria,,Procedural/Institutional
5/27/2025,A coalition of 20 state attorneys general in urging the American Medical Association (AMA) to take stronger action to protect health care providers from potentially dangerous medical board certification requirements.,Status Quo,,-1,State Government,"Healthcare practitioners, Pediatric healthcare providers",no,https://oag.ca.gov/news/press-releases/attorney-general-bonta-co-leads-multistate-effort-protect-abortion-and-gender-0 ,,Material Impact
5/28/2025,"The Pentagon has released a film promising Americans that the US military will end wars, while taking aim at culture wars, including DEI and climate change.",Political Disruption,Signpost - Political actors amplifying divisive or gender-targeted rhetoric,1,Federal Agencies,"Trans military personnel, Marginalized ethnicity groups, women and girls",limited,https://www.bandt.com.au/new-pentagon-ad-pledges-to-torpedo-gender-confusion-climate-change-worship/ ,,Discursive/Symbolic
5/29/2025,Two transgender teens and their parents filed a lawsuit on Wednesday challenging a new Kansas law that bans gender-affirming health care for minors.,Status Quo,,0,Federal Judiciary,transgender and gender-diverse youth,no,https://www.kcur.org/politics-elections-and-government/2025-05-29/kansas-transgender-teen-lawsuit-gender-affirming-care-ban,https://www.aclu.org/press-releases/families-challenge-kansas-ban-on-medical-care-for-transgender-adolescents,Procedural/Institutional
5/29/2025,The US Department of Health and Human Services said Wednesday that Secretary Robert F. Kennedy Jr. sent a letter urging health care providers and medical boards to update treatment protocols for youth with gender dysphoria based on a controversial HHS review of scientific literature that was released earlier this month.,Social Disruption ,Signpost - Rollback of gender-conscious and racial equity programs,1,Federal Agencies,Healthcare practitioners,no,https://www.mercurynews.com/2025/05/29/hhs-letter-tells-health-care-providers-to-disregard-treatment-protocols-for-trans-people-adhere-to-report-by-unnamed-authors/,,Procedural/Institutional
5/29/2025,"Penn Medicine will stop providing gender-affirming surgeries for patients under 19 years old, the Philadelphia-based system said Thursday.",Social Disruption ,"Signpost - Service withdrawal or denial driven by anticipated legal, financial, or political retaliation",2,Healthcare Systems,transgender and gender-diverse youth,no,https://www.cbsnews.com/philadelphia/news/penn-medicine-gender-affirming-surgeries-youth/,,Material Impact
5/30/2025,"The Trump administration directed its agencies to not hire individuals based on their race, sex or religion while it works to overhaul the federal government through major cuts and restructuring. The Office of Personnel Management (OPM) outlined the “Merit Hiring Plan” in a memo sent to heads and acting heads of departments and agencies Thursday, directing them to not use statistics on race, sex, ethnicity, national origin or “the broader concept of ‘underrepresentation’” to hire or recruit.",Hybrid Political/Security Disruption,Signpost - Dismantling of inclusive hiring practices across federal and private sectors,2,,Federal workforce,yes,https://thehill.com/homenews/administration/5325576-trump-administration-ends-federal-dei-hiring/ ,,
5/31/2025,"Texas Senate Bill 12, authored by Sen. Brandon Creighton, won final legislative passage Saturday after lawmakers in both chambers adopted the conference committee reports that specifically clarified that schools will be banned from authorizing or sponsoring student clubs based on sexual orientation or gender identity.",Political Disruption,"Signpost - Legislative or executive actions restricting reproductive, gender, or workplace rights",4,State Government,"youth, LGTBQ+ youth, women and girls",no,https://www.texastribune.org/2025/05/31/texas-house-tempers-flare-gay-club-ban/,,Procedural/Institutional
6/2/2025,"Tugged between two poles of Western power — the Washington of President Trump, and Brussels as a champion of liberal democracy — Poland tilted toward the Trumpian model on Monday when a nationalist historian eked out a narrow win in a presidential election. Karol Nawrocki, an ally of Poland’s populist former governing party, Law and Justice, defeated the liberal mayor of Warsaw, Rafal Trzaskowski, in the runoff held on Sunday after a polarized campaign. Mr. Trzaskowski had been supported by the country’s centrist and Brussels-steeped prime minister, Donald Tusk; Mr. Nawrocki by the Trump administration. The result, announced Monday, will have little immediate impact on Poland’s domestic or foreign policies, which the president does not control. The country will continue supporting Ukraine militarily, a policy both sides agree on. Nor will the change result in a move to leave the European Union.",Political Disruption,Signpost - Electoral wins or gains by candidates endorsing gender-restrictive platforms,1,International/Multilateral,local residents,no,https://www.nytimes.com/2025/06/02/world/europe/poland-president-election-results.html ,,Procedural/Institutional
6/2/2025,"The FBI is urging people to report health care providers who may be assisting transgender minors with gender-affirming care, as part of the Trump administration’s mission to “protect children.”“As the Attorney General has made clear, we will protect our children and hold accountable those who mutilate them under the guise of gender-affirming care,” the FBI’s official account wrote on the social platform X on Monday, urging followers to “report tips of any hospitals, clinics or practitioners performing these surgical procedures on children” to its phone and web tip lines.",Hybrid Political/Security Disruption,Signpost -Increased state surveillance and criminalization of healthcare providers offering gender-affirming services,,,"Transgender youth, healthcare providers  ",yes,https://thehill.com/policy/healthcare/5329397-fbi-gender-affirming-care-report/ ,,
6/2/2025,"The DOT has agreed to settle a case challenging the constitutionality of its Disadvantaged Business Enterprise program, effectively barring women- and minority-owned companies from automatic inclusion in the initiative. In a joint motion filed May 28 in U.S. District Court for the Eastern District of Kentucky that still needs a judge’s approval, DOT agreed to no longer defend gender and race as presupposed qualifications for inclusion in the program. “USDOT has determined that the race- and sex-based presumptions in its DBE program can no longer pass constitutional scrutiny,” the agency wrote in court documents. The move essentially abandons the fight taken on by former President Joe Biden’s administration to defend the program’s constitutionality after a U.S. Supreme Court ruling banned affirmative action in higher education admissions in 2023.",Social Disruption ,Signpost - Rollback of gender-conscious and racial equity programs,,,,no,https://www.constructiondive.com/news/dot-race-gender-dbe-settlement/749536/ ,,
6/3/2025,"The U.S. Bureau of Prisons must provide transgender inmates with hormone therapy and social accommodations such as gender-appropriate clothing while a lawsuit over the issue proceeds, a federal judge ruled on Tuesday. The ruling, by Judge Royce C. Lamberth of the U.S. District Court for the District of Columbia, also certified a class-action lawsuit filed on behalf of more than 1,000 inmates who have been diagnosed with gender dysphoria. The lawsuit claims the Trump administration’s policy denying gender-related treatment to prisoners violates their Eighth Amendment right to medical care and the Administrative Procedure Act, which prohibits “arbitrary and capricious” actions by federal agencies.",Political Progression ,,-2,Federal Judiciary,"federal workforce, trans and non-binary inmates",no,https://www.nytimes.com/2025/06/03/us/politics/transgender-inmates-hormone-treatment-trump.html ,https://www.politico.com/news/2025/06/03/transgender-inmates-care-ruling-00382603 ,Procedural/Institutional
6/3/2025,"The Trump administration announced on Tuesday that it would revoke guidance to the nation’s hospitals that directed them to provide emergency abortions for women when they are necessary to stabilize their medical condition. That guidance was issued to hospitals in 2022, weeks after the U.S. Supreme Court upended national abortion rights in the U.S. It was an effort by the Biden administration to preserve abortion access for extreme cases in which women were experiencing medical emergencies and needed an abortion to prevent organ loss or severe hemorrhaging, among other serious complications.",Hybrid Political/Social Disruption,Signpost - Restructuring or repurposing internal government mechanisms to enable legal or administrative barriers to reproductive care,,,Women ,no,https://apnews.com/article/abortion-emtala-biden-trump-emergency-hospital-3640bff165dac1d28b91e8adee7e47dd ,,
6/3/2025,"Activists on Monday celebrated a decision by Puerto Rico's Supreme Court to allow nonbinary and gender-nonconforming people to update their birth certificates. The ruling comes after a group of six nonbinary people filed a lawsuit against Puerto Rico's governor, its health secretary and other officials.",Social Progression,Signpost - Restoration of legal recognition and administrative protections for gender-diverse individuals,-2,State Government,transgender and gender-diverse individuals,no,https://www.nbcnews.com/nbc-out/out-news/puerto-rico-supreme-court-allows-x-third-gender-choice-birth-certifica-rcna210572 ,,Procedural/Institutional
6/4/2025,"A Texas hospital that repeatedly sent a woman who was bleeding and in pain home without ending her nonviable, life-threatening pregnancy violated the law, according to a newly released federal investigation.",Social Disruption ,Signpost - Medical and ethical crises emerging from restrictive abortion policies,,,,no,https://www.pbs.org/newshour/nation/texas-hospital-that-sent-woman-home-with-nonviable-pregnancy-violated-the-law-federal-inquiry-finds ,,Material Impact
6/5/2025,"The Navy updated its policy for voluntary separations for sailors with gender dysphoria. Under the latest Navy NAVADMIN on sailors with or displaying symptoms of gender dysphoria, active-duty sailors with more than 15 years of service but less than 18 years can now request an exception to policy that will authorize early retirement.",Hybrid Political/Security Disruption,Signpost - Removal of qualified civil servants and service members in national security sectors due to sexual orientation or gender identity,,US Military,Experienced US Navy personnel ,yes,https://news.usni.org/2025/06/05/navy-adds-possible-exemption-for-early-retirement-in-gender-dysphoria-policy,,
6/6/2025,"A transgender woman from Arizona has filed for asylum in Canada, claiming that the United States is no longer a safe place for transgender people because of President Donald Trump's policies.",Diplomatic Disruption,Signpost - Foreign governments issuing travel warning or recognizing/processing claims on gender-based persecution in the US,2,,"Transgender and gender-diverse citizens , transgender and gender-diverse individuals",yes,https://www.newsmax.com/newsfront/transgender-canada-donald-trump/2025/06/05/id/1213809/ ,,Discursive/Symbolic
6/8/2025,"Col. Bree Fram, one of the highest-ranking openly transgender officers in the U.S. military, has been placed on administrative leave, pending separation, under the Defense Department’s new ban on transgender service members, ending her more than 22-year military career.",Hybrid Political/Security Disruption,Signpost - Removal of qualified civil servants and service members in national security sectors due to sexual orientation or gender identity,,US Military,Trans military personnel,indirect,https://www.stripes.com/branches/space_force/2025-06-07/dod-trans-ban-bree-fram-18048778.html,,Discursive/Symbolic
6/9/2025,"Last November, Missouri voters did exactly what politicians constantly preach: They voted. They showed up in strong numbers on Election Day and passed Amendment 3, a citizen-led ballot measure to restore abortion rights after Missouri lawmakers made their state the first to ban abortion following the Supreme Court overturning Roe v. Wade. Amendment 3 passed by 51.6%, representing the will of more than 1.5 million Missourians who believe people should have the right to make their own health care decisions.",Social Disruption ,"Signpost - Increase in discriminatory laws towards trans, queer, LGBTQIA+, or women",,,,no,https://www.kansascity.com/opinion/readers-opinion/guest-commentary/article308046785.html#storylink=cpy ,,
6/9/2025,"Citing President Trump’s threat to cut off federal education funding for school districts that provide protections for LGBTQ people, school board members in the Montezuma-Cortez district in southwestern Colorado are poised to remove sexual orientation and gender identity from the district’s nondiscrimination policy.",Social Disruption ,Signpost - Rollback of gender-conscious and racial equity programs,,,,no,https://www.chalkbeat.org/colorado/2025/06/09/rural-district-could-remove-lgbtq-policy-protections-amid-trump-funding-threat/?taid=68474dc5d752a1000194c3cf&utm_campaign=trueanthem&utm_medium=social&utm_source=twitter/ ,,
6/10/2025,"The United Nations Population Fund (UNFPA) has faced budget cuts before, but the impact of President Donald Trump's policies has been even more ""devastating"" for reproductive health worldwide, chief Natalia Kanem told AFP. The agency has been targeted by US conservatives since the Kemp-Kasten Amendment's enactment in 1985 by Congress, when the administration of then president Ronald Reagan rallied against China's population policies, accusing Beijing of promoting forced abortions and sterilizations. ",Diplomatic Disruption,"Signpost - US withdrawal from or defunding of international organizations advancing gender, LGBTQ+, or reproductive rights",3,,Beneficiaries of UNFPA,no,https://www.ndtv.com/world-news/trumps-cuts-are-devastating-for-vulnerable-women-worldwide-un-8630978 ,,Procedural/Institutional
6/10/2025,"The U.S. Justice Department is defending itself against two New Hampshire transgender high school students who allege that President Donald Trump’s executive orders earlier this year would unconstitutionally deprive them of playing girls’ sports. In a June 6 filing, Deputy Assistant Attorney General Richard Lawson argued the two students, Parker Tirrell and Iris Turmelle, had not established an imminent risk of being affected by the executive orders. And he contended that even if the executive order did affect the students, the administration’s intent — to prevent transgender girls from playing girls’ sports — is lawful.",Social Disruption ,"Signpost - Increase in discriminatory laws towards trans, queer, LGBTQIA+, or women",,,Trans youth in public schools ,no,https://newhampshirebulletin.com/2025/06/10/trump-administration-seeks-to-dismiss-lawsuit-by-new-hampshire-transgender-teens/ ,,
6/11/2025,"Iowa's Medicaid program will no longer pay for gender-affirming surgeries and hormone therapies for transgender Iowans, under a bill that Gov. Kim Reynolds has signed into law. The law, House File 1049, bans Medicaid from paying for the services beginning July 1. But it does not ban Medicaid from covering mental health counseling to treat gender dysphoria.",Political Disruption,"Signpost - Legislative or executive actions restricting reproductive, gender, or workplace rights",4,State Government,"transgender and gender-diverse youth, Beneficiaries of federal programs",no,"https://www.desmoinesregister.com/story/news/politics/2025/06/11/iowa-gov-kim-reynolds-signs-law-banning-medicaid-coverage-of-gender-affirming-surgeries/84118272007/ ",,Procedural/Institutional
6/12/2025,"Republican Rep. Buddy Carter of Georgia introduced a bill to codify into law that gender is biological rather than social, or that ""biological men cannot be women"" and ""biological women cannot be men."" The bill mirrors President Trump's executive order positing the same concept. This bill would revert listed genders on passports, visas, and global entry cards to reflect biological sex only, rather than the appropriate gender identity. It would also entail major DEI setbacks in for federal agencies, as they would be required to remove any policies or protections that give legitimacy to gender in any other context than that of biological sex.",Hybrid Political/Social Disruption,"Signpost - Proposed removal of laws and frameworks designed to protect trans, queer, LGBTQIA+, or women",,,Transgender individuals and nonbinary people,no,https://buddycarter.house.gov/news/documentsingle.aspx?DocumentID=15709,chrome-extension://efaidnbmnnnibpcajpcglclefindmkaj/https://buddycarter.house.gov/uploadedfiles/truthingender.pdf,
6/13/2025,"The Maine House of Representatives voted to pass a bill prohibiting trans girls from playing on girls' sport teams. It is one of the only bills that does not include restrictions on what bathrooms/locker rooms trans girls can use. The State Senate rejected the bill, but it will advance to more voting as the chambers are not in agreement. ",Political Disruption,"Signpost - Legislative or executive actions restricting reproductive, gender, or workplace rights",2,State Government,transgender and gender-diverse youth,no,https://mainemorningstar.com/2025/06/16/though-majority-of-anti-trans-bills-rejected-maine-house-narrowly-advances-trans-girls-sports-ban/,,Procedural/Institutional
6/13/2025,"Both chambers of the Maine legislature cast initial votes to maintain transgender rights, such as the right to use bathrooms, locker rooms, names, and pronouns that reflect their gender identities.",Political Progression ,,-1,State Government,transgender and gender-diverse youth,no,https://mainemorningstar.com/2025/06/16/though-majority-of-anti-trans-bills-rejected-maine-house-narrowly-advances-trans-girls-sports-ban/,,Procedural/Institutional
6/13/2025,"In a victory for transgender Kansans, a Kansas state appeals court has reversed a district court decision barring the Kansas government from making changes to gender markers on driver’s licenses.. ",Social Progression,Signpost - Restoration of legal recognition and administrative protections for gender-diverse individuals,-2,State Government,transgender and gender-diverse individuals,no,https://www.aclu.org/press-releases/kansas-attorney-general-blocked-from-denying-changes-to-gender-markers-on-drivers-licenses,https://www.kansascity.com/news/politics-government/article308577540.html ,Procedural/Institutional
6/13/2025,"The Equality and Human Rights Commission (EHRC) is drawing up an updated code of practice on how public bodies should react to April’s court decision that “woman” in the Equality Act refers only to a biological woman. It is intended to set out to businesses and those running public spaces how the ruling affects single-sex spaces such as toilets and changing rooms, building on initial advice issued soon after the ruling.The Equality and Human Rights Commission (EHRC) is drawing up an updated code of practice on how public bodies should react to April’s court decision that “woman” in the Equality Act refers only to a biological woman. It is intended to set out to businesses and those running public spaces how the ruling affects single-sex spaces such as toilets and changing rooms, building on initial advice issued soon after the ruling.",Social Disruption , Signpost - Shifting societal norms and ongoing legal battles limiting the scope of gender identity and reproductive autonomy protections,2,International/Multilateral,transgender and gender-diverse individuals,no,https://www.theguardian.com/world/2025/jun/13/ehrc-urged-extend-consultation-post-supreme-court-ruling-gender-guidance ,,Procedural/Institutional
6/14/2025,"As President Donald Trump’s military parade rolled through the nation’s capital Saturday, millions of Americans across the country took part in the largest coordinated protests against the president since the start of his second administration.",Political Disruption,"Signpost - Mass, coordinated protests creating system-level political pressure",3,Civil Society/NGOs,local residents,indirect,https://www.politico.com/news/2025/06/14/no-kings-protest-trump-00406243,,Material Impact
6/14/2025,"For Women Scotland, the group responsible for April’s landmark supreme court ruling on biological sex, is considering further legal action against the Scottish government as they warned the key motivation for bringing the case was being lost amid debates about policy on toilets.
",Social Disruption , Signpost - Shifting societal norms and ongoing legal battles limiting the scope of gender identity and reproductive autonomy protections,,,transgender and gender-diverse individuals,no,https://www.theguardian.com/uk-news/2025/jun/14/campaigners-scottish-government-supreme-court-gender-women ,,
6/15/2025,"A federal judge in Minnesota set aside a Trump administration order that would defund hundreds of crucial biomedical research grants, citing ""clear"" discrimination against LGBTQ+ individuals and racial minorities. ",Political Progression ,Signpost - State and federal rulings in favor of LGTBQ+ and gender-diverse rights,-3,Federal Judiciary,"LGBTQ+ individuals, Marginalized ethnicity groups, Academic and public health researchers",no,"https://www.ag.state.mn.us/Office/Communications/2025/06/16_NIH.asp#:~:text=Attorney%20General%20Ellison%20applauds%20court,because%20he%20personally%20dislikes%20it.",,Procedural/Institutional
6/16/2025,"A federal judge ruled Monday it was illegal for the Trump administration to cancel several hundred research grants, adding that the cuts raise serious questions about racial discrimination. U.S. District Judge William Young in Massachusetts said the administration's process was “arbitrary and capricious” and that it did not follow long-held government rules and standards when it abruptly canceled grants deemed to focus on gender identity or diversity, equity and inclusion.",Political Progression ,Signpost - State and federal rulings in favor of LGTBQ+ and gender-diverse rights,,,,no,https://www.usnews.com/news/health-news/articles/2025-06-16/judge-rules-some-nih-grant-cuts-illegal-saying-hes-never-seen-such-discrimination-in-40-years,,
6/16/2025,"Maine's Democratic state senators blocked all eight bills that would have limited transgender rights this session.  Republicans proposed bills like LD 1432 that would have amended the Maine Human Rights Act by removing protections against discrimination on the basis of gender identity. Another bill, LD 233, would have banned transgender girls from participating in women's sports. The proposal has arguably been one of the most controversial topics in the state.",Political Progression ,"Signpost - State or federal policy actions that establish, reinstate, or expand gender, reproductive, or LGBTQ+ protections",,,,no,https://www.newscentermaine.com/article/news/local/maine-democrats-shut-reject-bills-limiting-transgender-rights/97-9b11b989-22d9-46e7-926b-6b70ae9794e5,,
6/16/2025,"The Kansas Department of Revenue can continue processing transgender people’s requests to change their gender designations on state driver’s licenses, a state appeals court ruled.",Political Progression ,"Signpost - State and federal expansion or continued protections of gender, reproductive, or  LGTBQ+ frameworks",-1,State Government,transgender and gender-diverse individuals,no,https://news.bloomberglaw.com/litigation/trans-kansans-can-change-gender-on-drivers-licenses-court-says,,Procedural/Institutional
6/16/2025,"The National Women’s Law Center (NWLC) filed a lawsuit on behalf of 17 state domestic violence and sexual assault organizations on Monday, arguing that restrictions the Trump administration has placed on grants are illegal and conflict with requirements laid out in the Violence Against Women Act (VAWA).",Status Quo,,0,Federal Judiciary,"survivors of sexual violence, victims of GBV",no,https://19thnews.org/2025/06/domestic-violence-nonprofits-sue-trump/,,Procedural/Institutional
6/17/2025,"North Carolina Senate Republicans added language to House Bill 805, which was originally written to regulate online pornography, that would recognize only two sexes in state government rules and public policies. The language echoes President Donald Trump’s Jan. 20 executive order that asserted this as the U.S. government’s position.",Political Disruption,"Signpost - Legislative or executive actions restricting reproductive, gender, or workplace rights",3,State Government,"transgender and gender-diverse individuals, transgender and gender-diverse youth",no,https://www.northcarolinahealthnews.org/2025/06/17/nc-senate-republicans-seek-to-define-biological-sex-dismiss-gender-identity/,,Procedural/Institutional
6/17/2025,"A federal judge today expanded a preliminary injunction to two newly certified classes of passport holders in Orr v. Trump, a challenge to the Trump administration’s policy requiring that passports bear only a person’s sex designation assigned at birth, pausing enforcement of the policy for all transgender, nonbinary, and intersex US passport holders.",Political Progression ,"Signpost - Judicial rulings or injuctions that reinforce, expand, or affirm gender, reproductive, or LGBTQ+ rights",,,,no,https://www.aclu.org/press-releases/transgender-us-passport-holders-granted-temporary-relief-in-challenge-to-trump-gender-marker-policy,,
6/17/2025,A federal judge has blocked the Trump administration from limiting passport sex markers for many transgender and nonbinary Americans.,Political Progression ,"Signpost - Judicial rulings or injuctions that reinforce, expand, or affirm gender, reproductive, or LGBTQ+ rights",,,,no,https://www.nbcnews.com/politics/trump-administration/judge-trump-passports-sex-markers-transgender-nonbinary-rcna213641,https://thehill.com/homenews/lgbtq/5356173-judge-extends-block-trump-passport-policy-trans-nonbinary/,
6/18/2025,U.S. District Judge Julia Kobick in Boston expanded a preliminary injunction on Tuesday against a Trump administration policy of only issuing passports reflecting a person’s gender assigned at birth.,Social Progression,Signpost - Restoration of legal recognition and administrative protections for gender-diverse individuals,-2,Federal Judiciary,transgender and gender-diverse individuals,no,https://www.usatoday.com/story/travel/2025/06/18/gender-restricting-passport-policy-trump-administration-ruling/84242629007/ ,,Procedural/Institutional
6/18/2025,"The Supreme Court on Wednesday upheld a Tennessee law that restricts access to gender-affirming care for minors experiencing gender dysphoria, a decision that is likely to have broad implications for access to medical treatments for transgender youth in half of the country. In the case of U.S. v. Skrmetti, the high court ruled 6-3 to reject the challenge brought by the Biden administration, three families and a physician who had argued that Tennessee's law violated the Constitution's guarantee of equal protection under the law. The court concluded that the state's measure, which is known as SB1 and was enacted in 2023, does not run afoul of the 14th Amendment.",Hybrid Political/Social Disruption,Signpost - Administrative restriction of gender and identity-related language within public institutions,,,Trans youth,no,https://www.cbsnews.com/news/supreme-court-tennessee-gender-affirming-care-minors-us-skrmetti/ ,,
6/19/2025,"The Supreme Court on Wednesday upheld a Tennessee law that prohibits some medical treatments for transgender youths, rejecting arguments that it violated the Constitution and shielding similar laws in more than 20 other states.The decision, which came amid the Trump administration’s fierce assaults on transgender rights, was a bitter setback for their proponents, who only five years ago celebrated a decision by the court to protect transgender people from workplace discrimination.",Political Disruption,"Signpost - Judicial challenges seeking to weaken, reinterpret, or overturn gender-related civil rights precedents",4,Federal Judiciary,transgender and gender-diverse youth,no,https://www.nytimes.com/2025/06/18/us/politics/supreme-court-trans-children.html,,Procedural/Institutional
6/19/2025,"A part of a US national suicide prevention hotline that caters for LGBTQ young people says it will soon close, after the Trump administration cut its funding. The administration has accused the service of ""radical gender ideology"". It says it will still fund the wider 988 Suicide & Crisis Lifeline - of which the LGBTQ youth option is one part - and that all callers will receive ""compassion and help"".",Social Disruption ,"Signpost - Service withdrawal or denial driven by anticipated legal, financial, or political retaliation",,,,no,https://www.bbc.com/news/articles/cwyqlv7y31go,,
6/20/2025,"The Trump administration has given California 60 days to strip all references to gender identity from a federally funded sex education program or risk losing its funding. In a letter sent Friday to the California Department of Public Health, the U.S. Department of Health and Human Services’ Administration for Children and Families called the state’s Personal Responsibility Education Program “noncompliant” with federal law.",Political Disruption,Signpost - Public information and data erasure in government systems,3,State Government,"transgender and gender-diverse individuals, LGBTQ+ individuals",no,https://www.sfchronicle.com/california/article/california-sex-ed-gender-identity-ban-trump-admin-20386679.php,,Material Impact
6/21/2025,"Delaware Governor Matt Meyer signed a groundbreaking executive order that adds further protections for gender-affirming care providers and patients. The order makes Delaware a shield state for providers, prohibiting state agencies from cooperating with investigations, subpoenas, or legal actions initiated in other states against individuals or providers involved in gender-affirming care that is legal in Delaware. It also bars professional licensing boards in Delaware from penalizing providers solely for delivering such care.",Political Progression ,"Signpost - State or federal policy actions that establish, reinstate, or expand gender, reproductive, or LGBTQ+ protections",,,,no,https://news.delaware.gov/2025/06/21/governor-meyer-signs-executive-order-protecting-gender-affirming-care-providers-and-patients/,,
6/23/2025,"The American Civil Liberties Union and Students Engaged in Advancing Texas announced plans to sue the state over the passage of a bill that would ban discussion of diversity, gender identity and sexuality from schools on certain grounds. The bill, Senate Bill 12, authored by state Sen. Brandon Creighton, R-Conroe, was signed into law by Gov. Greg Abbott on Friday and prohibits any diversity, equity and inclusion efforts in public schools, including charter schools. The move comes after at least five large Houston-area districts have passed strict gender policies, some with similar clauses to the new law.",Status Quo,,0,State Government,"Marginalized ethnicity groups, women and girls, LGBTQ+ individuals",no,https://www.houstonchronicle.com/news/houston-texas/education/article/texas-lgbtq-diversity-ban-lawsuit-20390239.php,https://www.aclutx.org/press-releases/aclu-texas-seat-will-sue-over-sb-12-texas-law-prohibits-programs-and-discussions/,Procedural/Institutional
6/24/2025,The Trump administration has given California 60 days to remove gender identity materials from sex education curriculum or risk losing more than $12.3 million in federal grants that helped pay for the creation and distribution of the materials.,Social Disruption ,Signpost - Federal/state government intervention in educational curricula appealing towards more traditional views on gender and sexuality,,,trans youth,no,https://www.latimes.com/california/story/2025-06-24/trump-administration-orders-california-to-remove-gender-identity-from-sex-ed-materials ,,
6/25/2025,"The Trump administration declared on Wednesday that the California Department of Education had violated federal law by allowing transgender girls to compete on female sports teams. It gave the state 10 days to reverse its policies or face “imminent enforcement action.” The administration has argued that when schools recognize transgender identities, they violate girls’ rights under Title IX, which prohibits sex discrimination.",Political Disruption,Signpost - Federal agency intervention targeting states resisting discriminatory federal policies,3,State Government,"transgender and gender-diverse youth, Education practitioners",no,https://www.nytimes.com/2025/06/25/us/trump-california-trans-athletes.html,,Procedural/Institutional
6/25/2025,"U.S. Rep. Nancy Mace, in an act she claims will restore ""truth and common sense,"" introduced legislation Wednesday ensuring federal documents only recognize two biological sexes. The Restoring Biological Truth in Government Act would ensure that federal forms and surveys recognize only male and female as the only genders and sexes. It is an act that would align with President Donald Trump's continued assault on transgender identity in the federal government.",Status Quo,,1,Federal Legislative,transgender and gender-diverse individuals,no,https://abcnews4.com/news/local/rep-mace-introduces-bill-limiting-federal-recognition-of-gender-to-male-and-female-only-nancy-mace-donald-trump-executive-order-wciv-abc-news-4-6-25-2025,,Procedural/Institutional
6/26/2025,"A divided Supreme Court allowed states to cut off Medicaid money to Planned Parenthood in a ruling handed down Thursday amid a wider Republican-backed push to defund the country’s biggest abortion provider.The case centers on funding for other health care services Planned Parenthood provides in South Carolina, but the ruling could have broader implications for Medicaid patients.The court split 6-3 in the opinion, with the three liberal justices dissenting.",Hybrid Political/Social Disruption,Signpost - Restructuring or repurposing internal government mechanisms to enable legal or administrative barriers to reproductive care,,,women,no,https://www.pbs.org/newshour/politics/supreme-court-ruling-allows-states-to-cut-off-medicaid-funding-to-planned-parenthood ,,
6/26/2025,"Dozens of people protested outside Children's Hospital Los Angeles and demanded that the medical center reverse its decision to shut down its gender-affirming programs. In an internal email shared with CBS News Los Angeles, the CHLA administration stated that it had to close its Center for Transyouth Health and Development and terminate its gender-affirming surgical program in July due to the ""increasingly severe impacts of federal administrative actions and proposed policies."" In January, President Trump signed an executive order aimed at cutting federal support for certain types of gender-affirming care for people under 19 years old. ",Hybrid Political/Social Disruption,Signpost - Restructuring or repurposing internal government mechanisms to enable legal or administrative barriers to reproductive care,,,trans youth,no,https://www.cbsnews.com/losangeles/news/protest-childrens-hospital-la-gender-affirming-care/,,
6/27/2025,"The Equality Commission will seek a declaration from the High Court to address ""uncertainties"" over how to apply the UK Supreme Court ruling on the legal definition of a woman in Northern Ireland. The commission has published a paper giving its views on the legal position, following the ruling that a woman is defined by biological sex under equalities law.",Social Disruption , Signpost - Shifting societal norms and ongoing legal battles limiting the scope of gender identity and reproductive autonomy protections,,,UK trans and gender diverse community ,no,https://www.bbc.com/news/articles/cn7dxzdy70do ,,
6/29/2025,"Around 200 people gathered outside UPMC’s corporate offices in Downtown Pittsburgh on Sunday to protest the health system’s decision to cut gender-affirming care for patients under 19. The policy will reportedly go into effect on June 30 and, according to some providers, UPMC has told medical staff not to refer patients to other institutions still providing services.",Social Disruption ,"Signpost - Service withdrawal or denial driven by anticipated legal, financial, or political retaliation",,,,,https://www.publicsource.org/pittsburgh-protest-opposes-upmc-gender-care-cuts/,,
6/30/2025,"The Trump administration is weighing cutting off funds to hospitals that it says provide gender-related treatments for children and teenagers, a move that would sharply escalate officials’ scrutiny of such programs. The potential for increased federal scrutiny on gender-related healthcare comes after a 30-day deadline passed Saturday for nine children’s hospitals to respond to letters from Mehmet Oz, the Centers for Medicare and Medicaid Services administrator and celebrity physician known as Dr. Oz. The former heart surgeon and television host demanded data related to sex-reassignment surgeries, hormone therapy and puberty blockers.",Political Disruption,Signpost - Politicization or repurposing of protective institutions for political objectives,2,Federal Agencies,transgender and gender-diverse youth,limited,"https://www.wsj.com/health/healthcare/gender-surgery-childrens-hospitals-trump-282c4cbb?gaa_at=eafs&gaa_n=ASWzDAgQZGiD1s6nHHA1X7ZHM1bTNpoAmhHdCBCrc2mJml4q76DqctxdmfM_Spa58_8%3D&gaa_ts=6862b902&gaa_sig=tfLz2D_2dFCN-hDRhWsGm97pt9yJXnxMXnXr1g02EF4cSaznu3UPrQm3cqeKX48eOtMKMQIKAGBVyfhkDginyQ%3D%3D  
",,Material Impact
6/30/2025,The Supreme Court on Monday declined to hear a Massachusetts teacher’s First Amendment challenge concerning her termination for making and reposting antitransgender TikToks.,Status Quo,,0,Federal Judiciary,Education practitioners,no,https://thehill.com/regulation/court-battles/5376651-supreme-court-teacher-anti-transgender-tiktok/ ,,Procedural/Institutional
7/1/2025,"Iowa became the first state to remove gender identity from its civil rights code under a law that took effect Tuesday, meaning transgender and nonbinary residents are no longer protected from discrimination in their job, housing and other aspects of life.",Political Disruption,"Signpost - Legislative or executive actions restricting reproductive, gender, or workplace rights",4,State Government,"transgender and gender-diverse individuals, transgender and gender-diverse youth",no,https://abcnews.go.com/US/wireStory/iowas-civil-rights-protections-longer-include-gender-identity-123363785 ,https://www.mercurynews.com/2025/07/05/an-iowa-law-rolling-back-trans-civil-rights-protections-in-the-state-has-taken-effect-heres-what-to-know/,Procedural/Institutional
7/1/2025,"The University of Pennsylvania has resolved violations a Department of Education civil rights investigation found involving transgender athletes competing in women's sports, the school and Trump administration announced Tuesday. The agreement requires the university to follow Title IX as interpreted by the Department of Education and adopt Trump's executive order defining sex as biological, the department said. The school will no longer allow transgender women in female sports and will provide sex-based locker rooms, the university said.",Social Disruption ,Signpost - Federal/state government intervention in educational curricula appealing towards more traditional views on gender and sexuality,,,Trans athletes ,no,https://abcnews.go.com/US/university-pennsylvania-trump-admin-agreement-transgender-athletes-case/story?id=123393803 ,,
7/2/2025,Virginia partly reverses conversion therapy ban for minors. A Henrico court judge overturned part of Virginia's 2020 ban on conversion therapy for kids last month.,Political Progression ,,,,,no,https://www.axios.com/local/richmond/2025/07/02/conversion-therapy-ban-rolled-back-virginia,,
7/2/2025," Some staff members at the U.S. Federal Trade Commission have raised concerns about a planned workshop by the agency on what it calls the dangers of gender-affirming medical care for transgender youth, saying it oversteps the FTC's consumer-protection authority, according to a letter seen by Reuters.",Social Disruption ,,,,,no,https://www.reuters.com/legal/litigation/us-ftc-workshop-criticizing-medical-care-transgender-youth-draws-staff-2025-07-02/,,
7/3/2025,"A federal judge is blocking the Trump administration from removing or substantially modifying government health webpages and data that related to navigating mental health, monitoring HIV diagnoses and treatment, sex differences, and diversity in clinical trials.",Political Progression ,"Signpost - Judicial rulings or injuctions that reinforce, expand, or affirm gender, reproductive, or LGBTQ+ rights",,,,,https://news.bloomberglaw.com/health-law-and-business/trump-barred-from-removing-gender-ideology-from-federal-webpages,,
7/3/2025,"Gov. Josh Stein vetoed a bill Thursday targeting the transgender community that declared North Carolina would only recognize two sexes. Stein vetoed House Bill 805, which says North Carolina recognizes only two sexes and gender identity won’t be treated the same legally or biologically as sex. Other provisions in the bill include restrictions on where transgender students can sleep on overnight school trips and restrictions on state funding for gender-affirming care.",Political Progression ,"Signpost - State or federal policy actions that establish, reinstate, or expand gender, reproductive, or LGBTQ+ protections",,,,,https://www.newsobserver.com/news/politics-government/article309854370.html,,
7/3/2025,The Supreme Court today granted certiorari in two federal court cases involving transgender youth challenging bans on their participation in local school and college sports.,Political Progression ,"Signpost - Judicial rulings or injuctions that reinforce, expand, or affirm gender, reproductive, or LGBTQ+ rights",,,,,https://www.aclu.org/press-releases/supreme-court-will-hear-challenges-to-bans-on-athletic-participation-by-transgender-students,,
7/3/2025,"All licensed Virginia counselors can now discuss sexual and gender identity through the lens of Christianity and other religions during talk therapy with minors, because a 2020 law banning conversion therapy statewide was partially struck via court order. The change comes after a five-year legal battle initiated by the Family Foundation — a faith-based, civil advocacy nonprofit — and its legal division, the Founding Freedoms Law Center.",Social Disruption ,Signpost - Institutional adoption of gender-restrictive participation policies in education and sports,,,,,https://www.vpm.org/news/2025-07-03/henrico-court-conversion-talk-therapy-family-foundation-raymond-mapp-mckay,,
7/4/2025,"The University of Pennsylvania's decision to ban transgender female athletes from competing in women's sports to resolve a civil rights complaint by the Department of Education is being slammed by LGBTQ activists and legal experts as unconstitutional. The Trump administration announced this week that the Ivy League school has agreed to follow the Department of Education's interpretation of Title IX, the landmark civil rights law that prohibits sex-based discrimination in education programs and activities that receive federal financial assistance.",Social Disruption ,Signpost - Institutional adoption of gender-restrictive participation policies in education and sports,,,,no,https://abcnews.go.com/US/lgbtq-legal-groups-slam-upenn-caving-trumps-trans/story?id=123443815,,
7/7/2025,"The U.N. Human Rights Council voted on Monday to renew the mandate of an LGBTQ rights expert, a move welcomed by advocates amid the absence of the United States, a former key supporter that is now rolling back such protections.",Diplomatic Progression ,Signpost - International organizations reiterate support for LGBTQ+ rights amidst backlash,-2,International/Multilateral,"LGBTQ+ individuals, Human rights advocates/activists",no,https://www.nbcnews.com/nbc-out/out-news/un-council-votes-keep-researching-anti-lgbtq-abuses-us-u-turn-rcna217190 ,,Procedural/Institutional
7/7/2025,A federal judge on Monday granted Planned Parenthood’s request to temporarily halt Medicaid funding cuts to the group’s health centers under a provision of Republicans’ new tax and spending package. ,Political Progression ,"Signpost - Legislative or executive actions restricting reproductive, gender, or workplace rights",,,Planned Parenthood and its client base ,no ,https://thehill.com/regulation/court-battles/5388912-judge-temporarily-blocks-planned-parenthood-defunding-megabill/ ,,
7/7/2025,"President Donald Trump is reshaping a student loan cancellation program into what some fear will become a tool for political retribution, taking aim at organizations that serve immigrants and transgender youth.Public Service Loan Forgiveness allows government employees, such as teachers and firefighters, plus many who work for nonprofits, to have their student loans canceled after they’ve made payments for 10 years. The Education Department is preparing an overhaul that would strip the benefit from organizations involved in “illegal activities,” with the final determination left up to the U.S. education secretary. A draft proposal released by the department includes definitions of illegal activity that center on immigration, terrorism and transgender issues.",Social Disruption ,Signpost - Decline in the efficiency of public government services,,,Low income minority communities ,no ,https://apnews.com/article/student-loan-forgiveness-public-service-trump-145f6a07a477e5c82f4374bc89e1eea7 ,,
7/8/2025,"Last week, a U.S. district court ordered the HHS to restore some webpages and datasets that were removed in response to a January executive order from President Donald Trump directing agencies to remove documents that promote “gender ideology.”",Political Progression ,Signpost - State and federal rulings in favor of LGTBQ+ and gender-diverse rights,,,trans and gender-diverse community ,no ,https://www.healthcaredive.com/news/hhs-restore-gender-ideology-documents/752351/ ,,
7/9/2025,"The US Department of Justice said on Wednesday it had sent more than 20 subpoenas to clinics and doctors who offer gender-affirming care to minors.It was not immediately clear to whom the requests were sent and the kind of information that was requested. The US attorney general, Pam Bondi, issued a memo on 22 April saying the justice department would investigate and prosecute those who were providing transgender care to children. The memo instructed federal prosecutors “to investigate all suspected cases of [female genital mutilation (FGM)] – under the banner of so-called ‘gender-affirming care’ or otherwise – and to prosecute all FGM offenses to the fullest extent possible”.",Hybrid Political/Security Disruption,Signpost -Increased state surveillance and criminalization of healthcare providers offering gender-affirming services,,,healthcare providers,yes ,https://www.theguardian.com/us-news/2025/jul/09/gender-affirming-care-minors ,,
7/9/2025,"On July 9, the U.S. Department of Justice announced it is suing the state’s Department of Education, claiming California’s policy to allow trans students to compete with other girls violates Title IX, the federal law that bans discrimination in education based on sex. The DOJ’s suit says California’s rules “are not only illegal and unfair but also demeaning, signaling to girls that their opportunities and achievements are secondary to accommodating boys.”",Social Disruption ,Signpost - Institutional adoption of gender-restrictive participation policies in education and sports,,,California public school districts and trans students,no ,https://roughdraftatlanta.com/2025/07/14/california-trans-athletes-federal-challenge/ ,https://www.justice.gov/opa/pr/justice-department-sues-california-violating-title-ix-denying-girls-athletic-opportunities ,
7/10/2025,"The Justice Department announced that it had sent more than 20 subpoenas to doctors and clinics involved in “performing transgender medical procedures on children.” The department’s brief announcement Wednesday did not name any of the 20 doctors or clinics or say where they were. It also did not specify what constituted “transgender medical procedures” but said its investigations “include healthcare fraud, false statements, and more.”",Political Disruption,Signpost - Politicization or repurposing of protective institutions for political objectives,2,Federal Executive,Healthcare practitioners,indirect,https://www.nbcnews.com/news/us-news/doj-subpoenas-20-doctors-clinics-provide-trans-care-minors-rcna218141,,Material Impact
7/10/2025,"In a change from its previous stance, the EEOC will process complaints filed by transgender workers after a months-long pause, although they will be subject to a heightened review.",Political Progression ,"Signpost - Judicial rulings or injuctions that reinforce, expand, or affirm gender, reproductive, or LGBTQ+ rights",,,,,https://www.washingtonpost.com/business/2025/07/10/eeoc-transgender-discrimination/,,
7/11/2025,"Data on gender identity are missing from this year’s data release of the ongoing Adolescent Brain Cognitive Development (ABCD) Study, published at the end of June, The Transmitter has learned. The U.S. National Institutes of Health removed these variables—which the study researchers have collected since each participant’s first-year follow-up—“to align with agency priorities,” a spokesperson from the National Institute on Drug Abuse, which co-founded and co-funds the study, told The Transmitter.",Political Disruption,Signpost - Public information and data erasure in government systems,2,Federal Agencies,Academic and public health researchers,no,https://www.thetransmitter.org/gender/abcd-study-omits-gender-identity-data-from-latest-release/,,Material Impact
7/12/2025,Protesters rallied outside Trump Tower in New York City over the federal government's plan to end the 988 suicide prevention lifeline's option for LGBTQ+ youth next week.,Status Quo,,0,Civil Society/NGOs,LGTBQ+ youth,no,https://www.cbsnews.com/newyork/news/988-lgbtq-suicide-lifeline-trump-tower-protest/,,Material Impact
7/13/2025,"State lawmakers and the ACLU of Indiana rallied at the Indiana Statehouse Saturday in support of transgender youth. The demonstration focused on what is next after a recent U.S. Supreme Court ruling and how to get involved in the legislative process. The U.S. Supreme Court upheld Tennessee's ban on gender-affirming care for transgender youth in mid-June. While the ban is similar to Indiana’s, it doesn’t include language that bans health care providers from sharing information and resources with families seeking gender-affirming care out of state.",Status Quo,,0,Civil Society/NGOs,transgender and gender-diverse youth,no,https://www.wboi.org/2025-07-13/bipartisan-lawmakers-rally-with-aclu-for-transgender-youth-outline-future-fight,https://www.wfyi.org/news/articles/indiana-transgender-youth-rally-supreme-court-ruling,Material Impact
7/14/2025,State lawmakers and the ACLU of Indiana rallied at the Indiana Statehouse Saturday in support of transgender youth. The demonstration focused on what is next after a recent U.S. Supreme Court ruling and how to get involved in the legislative process.,Hybrid Political/Security Disruption,Signpost - Protests in response to recent court rulings,,,"trans youth, Indiana residents ",no,https://www.wfyi.org/news/articles/indiana-transgender-youth-rally-supreme-court-ruling ,,
7/14/2025,"The American Civil Liberties Union of Kentucky filed a federal lawsuit Monday, alleging the state is unconstitutionally withholding gender-affirming care from incarcerated transgender Kentuckians.",Social Disruption ,Signpost - Institutional enforcement of gender-restrictive norms within carceral systems,,,Kentucky incarcerated trans community,no,https://www.lpm.org/news/2025-07-14/aclu-sues-over-new-law-banning-gender-affirming-care-for-incarcerated-kentuckians ,,
7/15/2025,"Lambda Legal announced today that the federal government has restored more than $6.2 million in grant funding to nine organizations that offer vital health and support services for LGBTQ+ people, including those living with HIV. The restored funding follows the ruling in early June from the U.S. District Court for the Northern District of California granting a preliminary injunction blocking implementation of three of President Trump’s executive orders that threatened to defund these organizations. The court held in San Francisco AIDS Foundation v. Trump that the plaintiffs were likely to succeed in showing that multiple provisions of two anti-DEI executive orders and an anti-transgender executive order are unconstitutional. ",Political Progression ,,,,,no,https://lambdalegal.org/newsroom/us_20250715_government-restores-millions-in-funding-to-lgbtq-hiv-orgs/,,
7/16/2025,Rush University Medical Center is the latest Chicago-area hospital to halt its gender-affirming care for minors as the Trump administration threatens funding to institutions that offer it.,Hybrid Political/Social Disruption,Signpost - Political and policy decisions resulting in the erasure of gender-affirming care and related protections,,,"trans youth, Chicago residents ",no,https://www.wbez.org/health-medicine/2025/07/16/rush-medical-center-halts-gender-affirming-care-for-new-patients-under-18 ,,
7/17/2025,"The Department of Health and Human Services will soon begin the rule-making process to prohibit the federal government from directly funding sex-trait modifications for minors through Medicaid and the Children’s Health Insurance Program (CHIP), National Review has learned. The White House is in “the final stage of review for a new rule that would make it a condition of hospitals participating in Medicare or Medicaid that they not provide sex trait modifications to minors,” according to an administration official. The prohibition will apply to hospitals that provide puberty blockers, cross-sex hormones, and gender-transition surgeries to minors.",Political Disruption,"Signpost - Legislative or executive actions restricting reproductive, gender, or workplace rights",1,Federal Agencies,transgender and gender-diverse youth,no,https://www.nationalreview.com/news/exclusive-trump-admin-to-cut-off-federal-funding-to-hospitals-that-provide-gender-transition-services-to-minors/,,Procedural/Institutional
7/17/2025,"Puerto Rico's governor has signed a bill that prohibits hormone therapy or gender-affirming operations for transgender youth, a move that has drawn sharp criticism from activists in the largely conservative U.S. territory. The law approved late Wednesday applies to those younger than 21 and calls for 15 years in prison for any violators, as well as a $50,000 penalty and the revocation of all licenses and permits of medical staff.",Social Disruption ,"Signpost - Increase in discriminatory laws towards trans, queer, LGBTQIA+, or women",,,,,https://www.nbcnews.com/nbc-out/out-politics-and-policy/puerto-rico-bans-hormone-therapy-gender-surgery-transgender-youth-rcna219334,,
7/18/2025,"The Trump administration has decided to destroy $9.7m worth of contraceptives rather than send them abroad to women in need. A state department spokesperson confirmed that the decision had been made – a move that will cost US taxpayers $167,000. The contraceptives are primarily long-acting, such as IUDs and birth control implants, and were almost certainly intended for women in Africa, according to two senior congressional aides, one of whom visited a warehouse in Belgium that housed the contraceptives. It is not clear to the aides whether the destruction has already been carried out, but said they had been told that it was set to occur by the end of July.",Diplomatic Disruption,"Signpost - US withdrawal from or defunding of international organizations advancing gender, LGBTQ+, or reproductive rights
",4,,women and girls,no,https://www.theguardian.com/us-news/2025/jul/18/trump-administration-destroy-contraceptives-usaid-africa ,,Material Impact
7/18/2025,"Children’s National Hospital announced Friday that because of “escalating legal and regulatory risks,” the D.C.-based medical system will no longer provide gender-transition care for patients, leaving families reeling. Effective Aug. 30, the hospital’s providers will discontinue the “prescription of gender-affirming medications,” according to a statement on the hospital’s website. Mental health and other support services will still be available, the statement says.",Hybrid Political/Social Disruption,Signpost - Political and policy decisions resulting in the erasure of gender-affirming care and related protections,,,"trans youth, DMV residents ",no, https://www.washingtonpost.com/dc-md-va/2025/07/18/children-national-ends-gender-transition-care/,,
7/19/2025,Transgender military members fight to continue serving despite Trump's ban,Security Progression,,,,,yes,https://www.pbs.org/newshour/show/transgender-military-members-fight-to-continue-serving-despite-trumps-ban,,
7/20/2025,"A rural school district in southwest Colorado on Tuesday removed nondiscrimination policy protections for LGBTQ people, following a Trump administration push to eliminate such safeguards. The school board in the conservative-leaning Montezuma-Cortez district unanimously approved changes removing references to “sexual orientation, gender identity, and gender expression” from the policy. Also at Tuesday’s meeting, the board introduced a policy that would ban transgender students from joining school sports that match their gender identity — one that could permanently replace an emergency version adopted by the board in June.",Political Disruption,Signpost - State-level resistance to federal anti-discrimination directives,1,Education Systems,"transgender and gender-diverse youth, LGTBQ+ youth",no,https://www.cpr.org/2025/07/20/montezuma-cortez-school-district-removes-lgbtq-policy-protections/,,Material Impact
7/22/2025,"In Texas, Tennessee and other Republican-led states, legislators have passed scores of laws restricting the lives of transgender people. They have made it illegal for transgender minors to get certain medical treatments and have threatened to have their parents investigated.",Hybrid Political/Social Disruption,Signpost - Political and policy decisions resulting in the erasure of gender-affirming care and related protections,,,"trans youth and their families, healthcare practitioners",no,https://www.nytimes.com/2025/07/22/us/trump-transgender-healthcare-california-hospitals.html,,
7/22/2025,UChicago Medicine announced Friday that it will no longer offer “gender-affirming care” for minors following an executive order from President Donald Trump that restricts such procedures.,Hybrid Political/Social Disruption,Signpost - Political and policy decisions resulting in the erasure of gender-affirming care and related protections,,,"Trans youth, IL residents",no,https://www.thecollegefix.com/uchicago-medicine-ends-gender-affirming-care-for-minors-after-trump-order/ ,,
7/22/2025,"The Justice Department has dismissed a Biden-era lawsuit challenging Tennessee's law banning gender-affirming care for minors, as the Trump administration continues to attack the rights and medical care of transgender Americans. Attorney General Pam Bondi announced that her department's Civil Rights Division dismissed the lawsuit in a statement Monday that said the Justice Department ""does not believe challenging Tennessee's law serves the public interest.""",Hybrid Political/Social Disruption,Signpost - Political and policy decisions resulting in the erasure of gender-affirming care and related protections,,,"Trans youth, TN residents
",no,https://www.upi.com/Top_News/US/2025/07/22/DOJ-Tennessee-gender-affirming-care-ban/7971753166183/,,
7/22/2025,"The Children’s Hospital Los Angeles closed its child-focused Center for Transyouth Health and Development, a public provider of gender-related treatments for children that has been running for more than three decades, due to “severe impacts” of the Trump administration’s policies. Several hospitals joined Los Angeles Children’s in recent days in discontinuing gender-related treatments for minors, including Stanford Medicine, UPenn Medicine, Children’s Hospital Colorado, Denver Health, VCU, University of Virginia Health, Lurie Children’s Hospital of Chicago, UChicago Medicine, and the Children’s National Hospital in Washington, D.C. The closures follow the Trump administration’s investigation into three children’s hospitals for alleged genital mutilation in connection with transgender medical operations on minors. The FBI and Justice Department have targeted various medical clinics and practitioners, including Children’s Hospital Colorado and Children’s Hospital Los Angeles, for investigation.
",Hybrid Political/Social Disruption,Signpost - Political and policy decisions resulting in the erasure of gender-affirming care and related protections,,,"Trans youth, CA residents",no,https://www.nationalreview.com/news/l-a-childrens-closes-trans-youth-center-under-pressure-from-trump-admin-joins-growing-list-of-closures/,,
7/22/2025,"The U.S. Olympic and Paralympic Committee updated its policies to say it will comply with President Donald Trump's executive order banning transgender women from competing in women's sports. The committee made the change in an updated ""Athlete Safety Policy,"" which does not mention the word ""transgender"" in any of its 27 pages. However, the document, dated June 18 but posted quietly on the USOPC's website Monday, includes language saying the committee will comply with Trump' s order.",Social Disruption ,Signpost - Institutional adoption of gender-restrictive participation policies in education and sports,,,Collegiate and professional trans athletes,no,https://www.nbcnews.com/sports/olympics/us-olympic-paralympic-committee-will-comply-trumps-ban-transgender-wom-rcna220369,,
7/23/2025,"Kaiser Permanente, one of the nation’s largest hospital networks, said it will “pause” gender-transition surgeries for those under 19, citing intense pressure from the Trump administration that has created “significant risks” for providers.",Social Disruption ,"Signpost - Service withdrawal or denial driven by anticipated legal, financial, or political retaliation",,,"trans youth and their families, healthcare practitioners",no,https://www.washingtontimes.com/news/2025/jul/23/kaiser-permanente-pauses-gender-transition-surgeries-19-trump/,,Societal Behavior and Norms
7/24/2025,"The University of Chicago Medical Center ended its gender-affirming care for minors last week, becoming the latest Chicago hospital to bow to federal pressure over it.",Social Disruption ,"Signpost - Service withdrawal or denial driven by anticipated legal, financial, or political retaliation",,,,no,https://www.hpherald.com/evening_digest/uchicago-medicine-suspends-gender-affirming-care-for-youth/article_8d2c2af4-df10-4621-a525-7f3cbb9c48ce.html,,
7/24/2025,"An Oregon woman seeking to adopt two children out of foster care will be allowed to move forward after a U.S. appeals court on Thursday said a state policy requiring adoptive parents to “respect, accept and support” the children’s gender expression and sexual orientation was unconstitutional.",Political Disruption,,,,,no,https://www.reuters.com/legal/government/oregon-adoption-policy-lgbtq-acceptance-violates-free-speech-rights-court-says-2025-07-24/,,
7/25/2025,"The U.S. Department of Education said Friday that policies in five Northern Virginia school districts allowing transgender students to use bathrooms and other facilities that match their gender identity violate federal law, and urged the districts to rescind the policies or risk punishment.",Political Disruption,Signpost - State-level resistance to federal anti-discrimination directives,1,Education Systems,transgender and gender-diverse youth,no,https://www.washingtonpost.com/education/2025/07/25/northern-virginia-schools-gender-title-iv-education-department/,,Material Impact
7/25/2025,"The Oregon Department of Education is the latest institution in the state to be targeted by the U.S. Department of Education’s Office for Civil Rights. This time it’s over alleged violations of Title IX, a federal law that prohibits sex-based discrimination in schools. The federal Education Department announced Friday morning that civil rights investigators will look into allegations that ODE has allowed transgender females to compete in women’s sports.",Political Disruption,,,,,no,https://www.opb.org/article/2025/07/25/trump-ode-civil-rights-investigations/,,
7/26/2025,"Yale New Haven Hospital has discontinued hormone-based gender-affirming care for patients under 19, hospital officials wrote in a letter to patients and their families this week. In the letter, dated July 23, hospital leadership wrote that the change followed a “thorough assessment of the current environment,” citing federal policies and legal uncertainty as the driving factors. The decision, announced jointly by Dr. Clifford Bogue, chair of pediatrics, and Beth Heinz, senior vice president for women’s and children’s services at Yale New Haven Health, came after “monitoring federal executive orders and administrative actions” related to gender-affirming care for patients under the age 19.",Social Disruption ,"Signpost - Service withdrawal or denial driven by anticipated legal, financial, or political retaliation",,,,,https://yaledailynews.com/blog/2025/07/26/ynhh-ends-hormone-based-gender-affirming-care-for-patients-under-19/,,
7/27/2025,A tense and confrontational rally unfolded in San Francisco as trans supporters clashed with those who oppose gender affirming surgeries for children. This comes as Kaiser Permanente announced a pause in performing those surgeries for patients under 19.,Status Quo,,1,Corporate/Private Sector,"transgender and gender-diverse youth, local residents",no,https://www.cbsnews.com/sanfrancisco/news/kaisers-pause-gender-surgeries-protest-san-francisco/,,Material Impact
7/28/2025,"Boston Children’s Hospital, home to the nation’s first pediatric and adolescent transgender clinic, is among the medical facilities that received a Justice Department subpoena earlier this month targeting doctors and clinics that provide gender-transition medical interventions to children, National Review has learned.",Political Disruption,Signpost - Politicization or repurposing of protective institutions for political objectives,1,Healthcare Systems,Healthcare practitioners,indirect,https://www.nationalreview.com/news/exclusive-boston-childrens-hospital-subpoenaed-by-doj-over-gender-transition-procedures-for-minors/,,Procedural/Institutional
7/29/2025,"The Trump administration is set to destroy $9.7 million worth of US-purchased contraceptives rather than deliver them to women overseas, following the dismantling of foreign assistance programs carried out by the US Agency for International Development, or USAID. The “preliminary decision” to destroy the USAID-procured birth control was confirmed by a State Department spokesperson, who said the cost of incinerating them would be $167,000.",Diplomatic Disruption,"Signpost - US withdrawal from or defunding of international organizations advancing gender, LGBTQ+, or reproductive rights",4,,"international assistance organizations, supposed beneficiaries of contraceptives ",no,https://www.cnn.com/2025/07/29/europe/usaid-contraceptives-burn-belgium-france-intl,no immediate national security considerations but significant implications in how America is viewed by international community ,Material Impact
7/29/2025,"VCU Health will no longer provide gender-affirming care to patients under age 19, to comply with President Trump's executive order. Why it matters: The hospital system — one of the largest in the state — is reversing its February decision to offer some care, including hormone therapy and puberty blockers, to existing youth patients. Driving the news: VCU Health quietly announced the change on Tuesday morning on its website before staff were notified around 12:30pm, per a systemwide email obtained by Axios.",Hybrid Political/Social Disruption,Signpost - Political and policy decisions resulting in the erasure of gender-affirming care and related protections,,,"trans youth, VA residents",no,https://www.axios.com/local/richmond/2025/07/29/vcu-health-ends-trans-youth-care-trump-order,,
7/30/2025,"VCU Health will no longer provide gender-affirming care at the Children’s Hospital of Richmond for patients under age 19, the health system announced in a statement on Tuesday. The hospital previously suspended those services in January following an executive order from President Donald Trump — as well as a letter from Virginia Attorney General Jason Miyares —  calling for hospitals and health systems to end gender-affirming care or risk losing their federal funding, according to a previous report by The Commonwealth Times.",Social Disruption ,"Signpost - Service withdrawal or denial driven by anticipated legal, financial, or political retaliation",,,,,https://commonwealthtimes.org/2025/07/30/vcu-health-ends-gender-affirming-care-again-now-for-all-youth-patients/,,
7/31/2025,"House and Senate Democrats on Thursday morning announced an agreement on legislation that would further shield reproductive and transgender care in Massachusetts from legal threats and scrutiny elsewhere. The new measure would limit the release of sensitive data, allow prescription labels to display a practice name instead of an individual physician's name, and codify a state requirement for abortion care to be provided in emergencies when medically necessary.",Political Progression ,"Signpost - State or federal policy actions that establish, reinstate, or expand gender, reproductive, or LGBTQ+ protections",,,,,https://www.nbcboston.com/news/local/massachusetts-reproductive-rights-transgender-care/3781762/,,
8/1/2025,"A group of state attorneys general, led by New York, has filed a lawsuit accusing the Trump administration of mounting an unconstitutional pressure campaign against gender-affirming care for transgender youth. The lawsuit, filed Friday in the U.S. District Court in Massachusetts, challenges actions taken by the Justice Department to investigate and halt gender-affirming care across the country.",Status Quo,,0,Federal Judiciary,transgender and gender-diverse youth,no,https://19thnews.org/2025/08/gender-affirming-care-lawsuit-federal-restrictions/,,Procedural/Institutional
8/2/2025,"A coalition of Democratic-led states filed a lawsuit on Friday seeking to block policies the U.S. Department of Justice adopted under President Donald Trump to crack down on providers of medical gender-affirming care for transgender youth. Sixteen states, along with the District of Columbia, in a lawsuit filed in federal court in Boston, argued Trump unconstitutionally trampled on their rights to regulate medicine with an executive order in January that directed prosecutors to prioritize investigations of transgender youth care.",Political Progression ,"Signpost - State or federal policy actions that establish, reinstate, or expand gender, reproductive, or LGBTQ+ protections",-2,,"trans youth, healthcare agencies and practitioners ",no,https://www.reuters.com/legal/government/us-states-sue-over-trumps-targeting-prForoviders-transgender-youth-medical-care-2025-08-01/ ,,Procedural/Institutional
8/3/2025,"On Friday, the Department of Veterans Affairs proposed a policy change that advocates for reproductive rights say could become one of the strictest abortion bans nationwide. The department filed a proposed rule seeking to eliminate coverage for the limited abortion services and counseling that have been available to veterans and their beneficiaries under the VA health care system for nearly three years.",Political Disruption,"Signpost - Legislative or executive actions restricting reproductive, gender, or workplace rights",3,Federal Agencies,Women servicemembers or veterans,no,https://www.motherjones.com/politics/2025/08/military-veterans-trump-abortion-ban/ ,,Procedural/Institutional
8/3/2025,"In July, the Trump administration’s high court of immigration, the Board of Immigration Appeals, issued a deeply troubling decision. The ruling held that a “particular social group” — one of the five grounds for refugee protection — cannot be defined by gender, or by gender combined with nationality. The ruling, in a case known as Matter of K-E-S-G-, is binding on all adjudicators across the country.",,,,,,,https://www.latimes.com/opinion/story/2025-08-03/womens-rights-refugee-gender-human-rights,,
8/4/2025,Transgender and nonbinary people are now allowed to receive passports matching their gender identity after an executive order from President Donald Trump previously forced binary gender markers.,Social Progression,Signpost - Restoration of legal recognition and administrative protections for gender-diverse individuals,-3,Federal Executive,transgender and gender-diverse individuals,no,https://www.spokesman.com/stories/2025/aug/04/transgender-people-allowed-to-correct-passports-de/,,Procedural/Institutional
8/6/2025,"Transgender Iowans with low-incomes are postponing or canceling gender-affirming surgeries since Medicaid in Iowa no longer covers the procedures. A provision in a state health budget bans Medicaid coverage for: hormone replacement therapy, sexual reassignment surgery or associated procedures,  and Medical interventions intended to alter primary or secondary sex characteristics",Social Disruption ,"Signpost - Increase in discriminatory laws towards trans, queer, LGBTQIA+, or women",,,,,https://www.iowapublicradio.org/ipr-news/2025-08-06/new-state-medicaid-limits-cause-some-transgender-iowans-to-table-gender-affirming-surgeries,,
8/7/2025,"Following the Supreme Court’s ruling in U.S. v. Skrmetti upholding a ban on gender-affirming medical care for transgender youth, the Tenth Circuit Court of Appeals has rejected a challenge to Oklahoma’s ban brought by transgender youth, their families, and their medical providers.",Political Disruption,"Signpost - Judicial challenges seeking to weaken, reinterpret, or overturn gender-related civil rights precedents",2,Federal Judiciary,transgender and gender-diverse youth,no,https://www.aclu.org/press-releases/tenth-circuit-rejects-challenge-from-families-against-oklahoma-ban-on-best-practice-medical-care,,Procedural/Institutional
8/7/2025,The Trump administration’s plans to incinerate $9.7 million in birth control pills and other contraceptives stored in a Belgian warehouse have left European governments struggling as they try to prevent the destruction.,Diplomatic Disruption,Signpost - Use of conditional or punitive humanitarian aid to enforce conservative gender norms or restrict reproductive and LGTBQ+ rights,2,Federal Executive,"International aid recipients, women and LGBTQ+ beneficiaries",no,https://www.nytimes.com/2025/08/07/world/europe/usaid-contraceptives-trump.html?smid=nytcore-ios-share&referringSource=articleShare,,Material Impact
8/8/2025,At least a dozen transgender men and women serving in the U.S. Air Force who had applied for early retirement to avoid being kicked out of the service for their gender identity have had their retirement approval rescinded by the service.,Hybrid Political/Security Disruption,"Signpost - Rising incidents of harassment, discrimination, or violence against gender-diverse individuals with security and military sectors",,,Trans service members,yes,https://www.nytimes.com/2025/08/08/us/politics/air-force-transgender-service-members-early-retirement.html?smid=nytcore-ios-share&referringSource=articleShare ,,
8/9/2025,Defense Secretary Pete Hegseth has reposted and praised a video interview of a self-described Christian nationalist pastor whose church doesn't believe women should be allowed to vote.,Social Disruption ,,,,,no,https://www.npr.org/2025/08/09/nx-s1-5497226/women-pastor-pete-hegseth-vote,,Discursive/Symbolic
8/11/2025,"Ten years after the Supreme Court extended marriage rights to same-sex couples nationwide, the justices this fall will consider for the first time whether to take up a case that explicitly asks them to overturn that decision. Kim Davis, the former Kentucky county clerk who was jailed for six days in 2015 after refusing to issue marriage licenses to a gay couple on religious grounds, is appealing a $100,000 jury verdict for emotional damages plus $260,000 for attorneys fees. In a petition for writ of certiorari filed last month, Davis argues First Amendment protection for free exercise of religion immunizes her from personal liability for the denial of marriage licenses. ",Political Disruption,"Signpost - Judicial challenges seeking to weaken, reinterpret, or overturn gender-related civil rights precedents",2,Federal Judiciary,LGBTQ+ individuals,no,https://abcnews.go.com/Politics/supreme-court-formally-asked-overturn-landmark-same-sex/story?id=124465302 ,https://www.npr.org/2025/11/10/nx-s1-5604293/scotus-rejects-gay-marriage-appeal,Procedural/Institutional
8/12/2025,"The National Institutes of Health is moving to prohibit scientists from collecting data about gender, according to a draft policy obtained by The Chronicle, as part of President Trump’s order to end federal recognition of transgender people and others who identify as a gender that doesn’t align with their sex assigned at birth. Researchers inside and outside the agency “shall not use NIH funds to request, collect, or disseminate information related to gender,” states the version of the policy seen by The Chronicle, which could change.",Economic Disruption ," Signpost - Cuts  or divestments in federal scientific, evidence-based research, or mass media related to equity, gender, or social policy",4,,"women/gender diverse people who benefit from gender research, researchers",no,https://www.chronicle.com/article/gender-data-would-be-off-limits-under-proposed-nih-policy ,,Procedural/Institutional
8/13/2025,"On Tuesday, the State Department released its long-delayed 2024 human rights reports, unveiling significant changes from prior editions that critics say represent a devastating erasure of women and most minorities from the United States’ official accounting of global human rights violations. Among the most controversial changes, say former senior officials and human rights advocates, is the complete elimination of the standalone section on women's rights in each country's report. ",Diplomatic Disruption,Signpost - US foreign policy actions or statements aligning with domestic conservative agendas on gender and sexuality ,4,Federal Agencies,"women and girls, Marginalized ethnicity groups",no,https://www.moretoherstory.com/stories/womens-rights-vanish-from-us-human-rights-reports-for-first-time-in-decades ,,Procedural/Institutional
8/13/2025,"A federal appeals court on Tuesday upheld an Arkansas law barring doctors from providing gender-affirming care including puberty blockers, hormones and surgery to transgender minors. The 8-2 decision by the St. Louis-based 8th U.S. Circuit Court of Appeals overturns a lower court ruling. It also follows the U.S. Supreme Court’s June ruling holding that Tennessee’s similar ban did not discriminate based on sex or transgender status. ",Hybrid Political/Security Disruption,Signpost - Increased state surveillance and criminalization of healthcare providers offering gender-affirming services,,,Transgender youth in Arkansas,no,https://www.nbcnews.com/nbc-out/out-politics-and-policy/us-appeals-court-upholds-arkansas-law-banning-youth-transgender-care-rcna224700,,
8/14/2025,"The Eighth Circuit U.S. Court of Appeals has upheld Arkansas’ law banning gender-affirming care for transgender minors. The Save Adolescents From Experimentation (SAFE) Act, passed in 2021, prohibits doctors from providing gender transition treatments including hormones, puberty blockers, or surgery to anyone under 18. According to legislators, Arkansas was the first state in the nation to enact such a ban.",Political Disruption,"Signpost - Judicial challenges seeking to weaken, reinterpret, or overturn gender-related civil rights precedents",3,Federal Judiciary,transgender and gender-diverse youth,no,https://www.5newsonline.com/article/news/regional/arkansas-news/appeals-court-arkansas-ban-gender-affirming-care-minors/527-a9e5280c-ffe2-41a1-8686-e1c9ac330a4d,,Procedural/Institutional
8/14/2025,"The University of Georgia has removed the terms sexual orientation, gender identity and pregnancy from the non-discrimination anti-harassment policy, which is administered by the Equal Opportunity Office at the university. The change was made on March 13 by the former EOO director, according to university spokesperson Rod Guajardo.",Social Disruption ,Signpost - Rollback of gender-conscious and racial equity programs,1,Education Systems,"LGBTQ+ individuals, women and girls",no,https://www.redandblack.com/uganews/uga-removes-sexual-orientation-gender-identity-from-non-discrimination-policy/article_e54a89f2-2dba-4c9a-87eb-0a90a34c3657.html,https://www.redandblack.com/opinion/student-voices-uga-students-react-to-removal-of-lgbtq-terms-from-non-discrimination-policy/article_337d5c86-b187-4bd2-8437-27dc280a1fbd.html,Material Impact
8/15/2025,"The US government on Friday posted the semi-annual regulatory agenda that details planned rulemaking for the Department of Health and Human Services, the Food and Drug Administration, the Centers for Medicare & Medicaid Services, the Centers for Disease Control and Prevention, and other federal health agencies. Among the proposals laid out in the agenda are regulatory plans for the HHS’ Office for Civil Rights, including changes to disability discrimination requirements, conscience protections for health-care providers, and how programs receiving federal financial assistance handle matters with gender dysphoria.",Status Quo,,1,Federal Agencies,"Healthcare practitioners, transgender and gender-diverse individuals",no,https://news.bloomberglaw.com/health-law-and-business/rfk-jr-s-regulatory-agenda-paves-way-for-trump-gender-overhaul,Disabilities group ,Procedural/Institutional
8/15/2025,"The Education Department said Friday that it will pull funding from five Northern Virginia school districts where officials said they would not comply with a request to change policies supportive of transgender students. The school districts in Arlington, Fairfax, Loudoun and Prince William counties and Alexandria had faced a Friday deadline to respond to findings from the federal agency that policies such as those allowing students to use bathrooms matching their gender identity violated Title IX, the law banning sex discrimination.",Political Disruption,Signpost - Federal agency intervention targeting states resisting discriminatory federal policies,2,Education Systems,"youth, transgender and gender-diverse youth",no,https://www.washingtonpost.com/education/2025/08/15/virginia-schools-transgender-federal-investigation/,,Procedural/Institutional
8/15/2025,The Air Force says in a new memo that transgender airmen ousted under a recent Trump administration directive will no longer have the chance to argue before a board of their peers for the right to continue serving their country.,Hybrid Political/Security Disruption,,,,,yes,https://www.pbs.org/newshour/politics/air-force-announces-new-policy-to-deny-transgender-troops-hearings-before-discharges,https://static.e-publishing.af.mil/production/1/af_a1/publication/dafi36-3211/dafi36-3211.pdf,
8/16/2025,"The psychologist and executive director of the True Self Foundation, an LGBTQ advocacy nonprofit in Puerto Rico, says that he has seen a rise in clinical “anxiety, depression, and suicidal ideation” in transgender people across the island after Puerto Rico’s total ban in July of hormone replacement therapy (HRT), puberty blockers, and gender-affirming surgery for transgender people 21 and younger. The ban, Senate Bill 350, is among the harshest in any state or territory, criminalizing any provision of gender-affirming care to minors with penalties—up to 15 years in prison, revocation of medical licenses, and fines as high as $50,000—which advocates worry could apply to parents as well as medical providers.",Social Disruption ,Signpost - Increased apprehension/fear among LGBTQ+ community stemming from conservative gender/sexuality policies,,,,,https://www.motherjones.com/politics/2025/08/puerto-rico-trans-care-ban-youth/,,
8/17/2025,"Delaware Attorney General Kathy Jennings sent a letter to Nemours Children’s Hospital earlier this month urging its officials to “reconsider” a decision to stop accepting new patients into a clinic serving transgender youth. In June, Nemours implemented the policy to end hormone and puberty blocker therapies for new transgender youth patients. Hospital officials previously said they made the decision in response to “evolving communications and actions from federal agencies directed at healthcare providers related to gender-affirming care.”",Political Progression ,Signpost - Continued protections via accountability mechanisms,,,,,https://spotlightdelaware.org/2025/08/17/delaware-ag-urges-nemours-to-reconsider-gender-affirming-care-restrictions/,,
8/18/2025,"The Department of Education said it plans to pull federal funding from five Northern Virginia school districts after they rejected the Trump administration’s request to rescind their transgender bathroom policies. The five school systems — Prince William, Fairfax,  Alexandria, Arlington, and Loudoun counties — announced this week that they will continue allowing students to use bathrooms and locker rooms that match their gender identity, despite a Friday deadline from the Education Department.",Hybrid Political/Social Disruption,Signpost - Political and policy decisions resulting in the erasure of gender-affirming care and related protections,,,"trans and non-binary youth, public school districts ",no,https://www.foxnews.com/media/trump-administration-threatens-pull-federal-funds-from-virginia-school-districts-gender-policy-dispute ,,
8/18/2025,"Oklahoma’s top education official is reportedly introducing a new assessment for teachers coming from California and New York that will gauge their alignment with the so-called Sooner state’s conservative values. Oklahoma’s public education superintendent, Ryan Walters, told USA Today and CNN that the 50-question certification exam – which is reportedly set to roll out in the coming days – will ask about topics such as the “biological differences between males and females”, freedom of religion and US history.",Hybrid Political/Social Disruption,"Signpost - Prosecution of educators, activists, and healthcare personnel providing resources on or about gender-affirming care",,,Oklahoma public education system and students ,no,"https://www.theguardian.com/us-news/2025/aug/18/oklahoma-teachers-america-first-test#:~:text=Oklahoma%20to%20reportedly%20vet%20prospective%20teachers%20with%20%27America%20first%27%20test,-Teachers%20from%20California&text=Oklahoma%27s%20top%20education%20official,called%20Sooner%20state%27s%20conservative%20values",,
8/19/2025,"Colorado Attorney General Phil Weiser filed a brief Tuesday outlining the state’s arguments defending a 2019 Colorado law that bans conversion therapy for minors in a case before the U.S. Supreme Court. The case concerns a Colorado state law that bans conversion therapy, the practice of trying to change a person’s sexual orientation, such as to eliminate same-sex attraction, or gender identity. Conservative religious law firm Alliance Defending Freedom represents the plaintiff, Kaley Chiles, a Colorado Springs counselor who argues the Colorado law violates a counselor’s right to free speech by prohibiting certain conversations related to gender and sexuality.",Status Quo,,0,Federal Judiciary,LGTBQ+ youth,no,https://coloradonewsline.com/2025/08/19/supreme-court-colorado-weiser-conversion-therapy/,,Procedural/Institutional
8/19/2025,"Gender-affirming care will no longer be covered for federal workers in 2026, according to a letter the Trump administration sent to insurance carriers. The notice from the Office of Personnel Management informs insurers participating in the Federal Employees Health Benefits or Postal Service Health Benefits programs that “chemical and surgical modification of an individual’s sex traits” will no longer be covered.",Social Disruption ,"Signpost - Service withdrawal or denial driven by anticipated legal, financial, or political retaliation",,,,,https://news.bloomberglaw.com/health-law-and-business/coverage-of-gender-affirming-care-banned-for-federal-workers,,
8/20/2025,"In a new letter, the Office of Personnel Management has informed carriers that “chemical and surgical modification of an individual’s sex traits through medical interventions (to include gender transition services)” will no longer be covered in the Federal Employee Health Benefits program for plan year 2026.",Hybrid Political/Social Disruption,Signpost - Political and policy decisions resulting in the erasure of gender-affirming care and related protections,,,"trans community, healthcare providers and practitioners",no,https://www.govexec.com/pay-benefits/2025/08/coverage-gender-affirming-care-will-be-eliminated-fehb-plans-2026/407553/ ,,
8/21/2025,"An office within the Department of Health and Human Services (HHS) terminated a federal grant funding California's sex education program aimed at preventing teen pregnancy and the spread of sexually transmitted diseases after the West Coast state reportedly refused to remove ""radical gender ideology"" from its curriculum, Fox News Digital exclusively learned Thursday. ",Hybrid Political/Social Disruption,Signpost - States enacting restrictive and total abortion bans,,,"Women, youth girls, healthcare providers and practitioners ",no,https://www.foxnews.com/politics/kennedys-hhs-terminates-california-sex-ed-grant-after-refuses-drop-radical-gender-lessons ,,
8/22/2025,"A Texas House panel on Monday approved a legislative proposal limiting transgender peoples’ use of bathrooms in government buildings, the first time in over eight years the lower chamber has advanced a “bathroom bill.” Senate Bill 8 was passed by the House State Affairs Committee in a 9-3 vote after an amendment that would have removed language aimed at giving the bill legal insulation failed.",Political Disruption,"Signpost - Legislative or executive actions restricting reproductive, gender, or workplace rights",3,State Government,transgender and gender-diverse individuals,no,https://www.texastribune.org/2025/08/22/exas-house-transgender-bathroom-senate-bill-8/,,Procedural/Institutional
8/22/2025,Alaska medical professionals who provide gender-affirming care for children could risk disciplinary action under proposed changes to state regulations approved by the state medical board on Friday. The board unanimously approved draft language that would add those providing medical or surgical intervention to “treat gender dysphoria or facilitate gender transition” to a state regulation outlining unprofessional conduct.,Political Disruption,Signpost - Politicization or repurposing of protective institutions for political objectives,2,State Government,"transgender and gender-diverse youth, Healthcare practitioners",no,https://www.usnews.com/news/best-states/alaska/articles/2025-08-22/proposal-could-lead-to-sanctions-against-alaska-medical-professionals-for-gender-affirming-care,,Procedural/Institutional
8/23/2025,"Kaiser Permanente, a health care company that manages 40 hospitals across several states -- including California, Oregon and Virginia -- said it is pausing gender-related surgeries for patients under age 18 on Aug. 29. It noted that other gender-related care will continue. Children's National Hospital in Washington, D.C. said it will also stop prescribing gender-affirming medications on Aug. 30. It follows a move the hospital made in late January to pause all puberty-blockers and hormone prescriptions for minors.",Social Disruption ,"Signpost - Service withdrawal or denial driven by anticipated legal, financial, or political retaliation",,,,,https://abcnews.go.com/Health/us-hospitals-ending-gender-affirming-care-minors-impact/story?id=124889031,,
8/24/2025,"The Colorado House of Representatives on Sunday passed a bill that would use state money to fund Medicaid reimbursements for reproductive health care providers, namely Planned Parenthood, that have recently faced federal funding cuts. Senate Bill 25B-2 was approved in a party-line 43-19 vote, with Democrats in favor. It passed the Senate on Friday, during the ongoing special legislative session that is focused on raising revenue to soften the impact of recent changes to the federal tax code. The bill now goes to Gov. Jared Polis’ desk for his signature.",Political Progression ,Signpost - State or federal strengthening of reproductive rights frameworks,-3,,"Women, youth girls, healthcare providers and practitioners, Medicaid recipients ",no,https://coloradonewsline.com/briefs/colorado-legislature-passes-bill-to-fund-medicaid-reimbursements-for-planned-parenthood/ ,,Procedural/Institutional
8/24/2025,"More than 20 hospitals and health systems have temporarily or indefinitely rolled back transgender care for minors and some young adults this year amid threats of federal investigations and cuts to government funding, an NBC News analysis found.",Hybrid Political/Social Disruption,Signpost - Political and policy decisions resulting in the erasure of gender-affirming care and related protections,,," trans youth, non-binary youth, healthcare providers and practitioners ",no,"https://www.nbcnews.com/nbc-out/out-news/least-21-hospitals-ended-restricted-trans-care-minors-january-rcna226640
",,
8/25/2025,"On Friday, the U.S. Office of Personnel Management issued a memo announcing that, beginning in 2026, all federal employee health plans will be barred from covering gender-affirming care — including hormone therapy and gender-affirming surgeries — for both transgender youth and adults. The sweeping prohibition affects health benefits for more than 10 million federal workers and their family members, marking one of the largest rollbacks of transgender healthcare access in U.S. history.",Hybrid Political/Social Disruption,Signpost - Political and policy decisions resulting in the erasure of gender-affirming care and related protections,,,"trans youth, non-binary youth, healthcare providers and practitioners ",no,https://truthout.org/articles/trump-admin-memo-bars-federal-health-plans-from-covering-gender-affirming-care/ ,,
8/26/2025,"President Donald Trump's administration asked the U.S. Supreme Court on Tuesday to intervene in its efforts to withhold billions of dollars from foreign aid organizations and lift an injunction that is forcing it to keep making payments. The U.S. Department of Justice in an emergency filing, opens new tab with the 6-3 conservative majority court noted that a 2-1 panel of the U.S. Court of Appeals for the District of Columbia Circuit earlier this month ruled the injunction should be overturned.",Diplomatic Disruption,"Signpost - US withdrawal from or defunding of international organizations advancing gender, LGBTQ+, or reproductive rights",4,Federal Judiciary,international gender rights organizations,no,https://www.reuters.com/world/us/trump-administration-asks-us-supreme-court-halt-foreign-aid-payments-2025-08-26/ ,,Procedural/Institutional
8/26/2025,The U.S. Department of Health and Human Services (HHS) through its Administration for Children and Families (ACF) demanded that 46 states and territories remove all references to gender ideology in their federally-funded Personal Responsibility Education Program (PREP) educational materials within 60 days. This action reflects the Trump Administration’s ongoing commitment to protecting children from attempts to indoctrinate them with delusional ideology. (PRESS STATEMENT),Hybrid Political/Social Disruption,Signpost - Political and policy decisions resulting in the erasure of gender-affirming care and related protections,,,"trans youth, non-binary youth, healthcare providers and practitioners ",no,https://www.hhs.gov/press-room/hhs-acf-states-remove-gender-ideology-sex-ed.html ,,
8/27/2025,"Fort Lauderdale city leaders decided Wednesday to fight the state of Florida’s order to remove rainbow-colored street art, potentially risking millions of dollars in funding. At the end of a special meeting that lasted more than three hours and included comment from more than 40 speakers, the Fort Lauderdale City Commission voted unanimously to file an administrative appeal against an order to cover four street art installations in the city, including a large rainbow-colored LGBTQ+ pride flag.",Status Quo,,-1,Local/Municipal Government,"LGBTQ+ individuals, local residents",no,https://apnews.com/article/florida-lgbtq-rainbow-crosswalks-desantis-c4fa6e1ff69ea88e5bd8433bf0ccf62a ,,Discursive/Symbolic
8/27/2025,"Conservatives are testing a new argument in their legal efforts to end telehealth abortion: People using mail-order medication are being coerced into ending their pregnancies. Two wrongful death lawsuits out of Texas, both filed this past month in federal court, allege that women were forced to take abortion pills prescribed by out-of-state telehealth providers. In one case, a woman alleges that abortion medications were secretly mixed into her hot chocolate and caused her to miscarry. (The local police department investigated those allegations and said they were unfounded.) In the other, a man claims his girlfriend was forced to take medications by her mother and estranged husband. Both plaintiffs are represented by Jonathan Mitchell, a leader in crafting Texas’ anti-abortion policies and the state’s former solicitor general. ",Hybrid Political/Social Disruption,Signpost - States enactment of restrictive or total abortion bans,,," Texas women, Texas healthcare practitioners",no,https://19thnews.org/2025/08/anti-abortion-groups-strategy-telehealth-abortion/,,
8/28/2025,"The federal government found Denver Public Schools violated the Title IX civil rights law by converting a girls’ bathroom to one that is for all genders, which the federal government calls “discrimination” against female students. The investigation by the U.S. Department of Education's Office for Civil Rights was launched in January over an “all gender” bathroom at East High School and DPS’s broader policy that allows students to use facilities that align with their gender identity rather than biological sex. It was one of the first actions of the new Trump administration directed at the school level as part of its promise to eradicate “woke” ideology.",Political Disruption,Signpost - Politicization or repurposing of protective institutions for political objectives,2,State Government,transgender and gender-diverse youth,no,https://denverite.com/2025/08/28/east-high-school-bathroom-title-ix/,,Procedural/Institutional
8/28/2025,"President Donald Trump’s administration demanded Tuesday that dozens of states remove from sex education materials any references to a person’s gender departing from their sex assigned at birth, or lose federal funding. The U.S. Department of Health and Human Services’ Administration for Children and Families warned in letters to 40 states, the District of Columbia and several territories that they could lose a total of $81.3 million in remaining federal funds for the Personal Responsibility Education Program, or PREP, if they do not get rid of these references within 60 days.",Political Disruption,Signpost - Federal agency intervention targeting states resisting discriminatory federal policies,2,Federal Agencies,"youth, transgender and gender-diverse youth",no,https://denverite.com/2025/08/28/east-high-school-bathroom-title-ix/,,Procedural/Institutional
8/29/2025,"Doctors at the US Department of Veterans Affairs (VA) would be barred from performing abortions, even in cases of rape and incest, under new rules proposed by the Trump administration. The draft regulations, which also forbid providers from counseling female veterans about terminating a pregnancy, have generated nearly 20,000 comments in the federal register from conservative activists, abortion rights supporters and female veterans, many of them survivors of sexual assault.",Hybrid Political/Security Disruption,Signpost - Increasing federal restrictions on reproductive healthcare access,,,"Female servicemembers, Female veterans",indirect,https://www.theguardian.com/us-news/2025/aug/29/trump-veterans-affairs-abortion-ban ,,
8/29/2025,"The Texas House has advanced a bill that would allow private citizens to sue prescribers, makers and distributors of abortion pills inside and outside the state. A revised version of Texas’s H.B. 7 passed the state Legislature’s lower chamber in an 82-48 vote Thursday night during Gov. Greg Abbott’s (R) second special session. It is now on its way to the state Senate.",Hybrid Political/Social Disruption,Signpost - States enactment of restrictive or total abortion bans,,,"Texas women, Texas healthcare practitioners ",no,https://thehill.com/policy/healthcare/5477453-texas-abortion-pill-restrictions/ ,,
8/30/2025,"The U.S. Department of Health and Human Services’ Administration for Children and Families (ACF) has ordered the North Carolina Department of Health and Human Services to eliminate all references to gender identity from federally-funded sex education materials within 60 days, according to an announcement from the NC Values Coalition.",Political Disruption,,,,,no,https://www.goldsborodailynews.com/2025/08/30/federal-agency-directs-north-carolina-to-remove-gender-identity-content-from-sex-education-program/#google_vignette,,
,,,,,,,,,,
9/1/2025,"Medicaid cuts threaten rural hospitals — and access to maternity care.Trump’s One Big Beautiful Bill cuts Medicaid by almost $1 trillion over the next decade, risking service cuts and closures that could force rural women to travel farther to safely have a baby.",Social Disruption ,Signpost - Medical and ethical crises emerging from restrictive abortion policies,,,,no,https://www.washingtonpost.com/politics/2025/09/01/medicaid-cuts-rural-maternity-care/,,
9/2/2025,"Three Alabama representatives have pre-filed a bill for the 2026-2027 school year that would prohibit teachers from using a student’s pronouns, among other things. HB23 was pre-filed by Representatives Mack Butler, Ben Harrison and Mark Gidley. The bill has three parts to it. The first part, according to the pre-filed introduced document, states that an individual or group of individuals providing classroom instruction to students from prekindergarten through the twelfth grade at a public school “should not engage in classroom discussion or provide classroom instruction regarding sexual orientation or gender identity.” The second part of the bill says no teacher or other public pre-K through twelfth-grade employee may display a flag or other insignia relating to or representing sexual orientation or gender identity in a classroom or on the property of the public school. Finally, the third part of the bill states that no teacher or other public pre-K through twelfth-grade employee may “intentionally address a student by a pronoun or title that is inconsistent with the student’s biological sex at birth.”",Political Disruption,"Signpost - Legislative or executive actions restricting reproductive, gender, or workplace rights",1,State Government,transgender and gender-diverse youth,no,https://www.cbs42.com/alabama-news/pre-filed-bill-would-ban-use-of-pronouns-discussion-of-gender-identity-in-alabama-public-classrooms/ ,,Procedural/Institutional
9/2/2025,President Donald Trump's administration is threatening to cut federal funding if Ohio's youth prisons don't remove references to transgender people from sexual education materials.Trump's Department of Health and Human Services warned Ohio and 39 other states that they had 60 days to remove any references to gender identity from their Personal Responsibility Education Program materials.,Political Disruption,Signpost - Politicization or repurposing of protective institutions for political objectives,2,State Government,trans and non-binary inmates,no,https://www.dispatch.com/story/news/politics/2025/09/02/trump-ohio-must-remove-transgender-gender-identity-from-sex-ed-in-youth-prisons/85850737007/,trans youth inmates,Material Impact
9/2/2025,"The newborn baby born under controversial circumstances to a brain-dead mother remains in the NICU. The child was born to Adriana Smith, a pregnant woman who, under the LIFE Act in Georgia, was kept alive at a hospital despite being brain dead. Smith was only eight weeks pregnant at the time, but was kept on life support until the doctors felt they could deliver the baby. The medical case garnered national headlines for its implications in medical ethics. However, the newborn remains in critical condition, born in June at just under five pounds. Upon his birth, his mother was taken off life support and died shortly after.",Social Disruption ,Signpost - Medical and ethical crises emerging from restrictive abortion policies,4,State Government,"women and girls, Marginalized ethnicity groups",no,https://www.blackenterprise.com/newborn-baby-braindead-mother-georgia-nicu/,,Material Impact
9/3/2025,"The Los Angeles Police Department and the California Highway Patrol have provided former Vice President Kamala Harris with a security detail after President Trump revoked her Secret Service protection, according to the LAPD's Metropolitan Division. The Metropolitan Division contains LAPD's specialized units, including the citywide Tactical Response Teams, which provide security at high-profile events such as the awards shows in LA. LAPD's website states that TRT has worked closely with the Secret Service and the Department of State to provide protection to the president, vice president and foreign dignitaries.",Political Disruption,Signpost - Politicization or repurposing of protective institutions for political objectives,1,State Government,elected officials,yes,https://www.cbsnews.com/losangeles/news/kamala-harris-lapd-chp-security-trump-secret-service/,,Procedural/Institutional
9/4/2025,"A federal appeals court today denied the Trump administration’s request to stay a preliminary injunction that preserves access to passports with accurate sex designations for many trans, nonbinary, and intersex U.S. citizens. The injunction remains in effect, and certain class members may still apply for passports.",Social Progression,Signpost - Judicial recognition of gender identity within human rights frameworks,-1,Federal Judiciary,transgender and gender-diverse individuals,no,https://www.aclu.org/press-releases/appeals-court-denies-request-to-stay-order-preserving-passports-for-many-trans-nonbinary-intersex-citizens,,Procedural/Institutional
9/4/2025,"Senior Justice Department officials have held internal deliberations in recent days over potentially issuing a rule that could restrict transgender individuals from being able to own firearms, two officials familiar with the discussions confirmed Thursday to ABC News. The policy discussions, which are believed to be in their early stages and driven in part by chatter in right-wing media, follow last week's Minneapolis Catholic church shooting that the FBI has said was carried out by a transgender woman.",Status Quo,,1,Federal Executive,transgender and gender-diverse individuals,no,https://abcnews.go.com/US/doj-mulling-rule-restrict-transgender-individuals-owning-guns/story?id=125268875,,Procedural/Institutional
9/5/2025,A US federal appeals court on Thursday upheld an injunction barring the US State Department from enforcing a policy directive from President Donald Trump aimed to prevent transgender and nonbinary Americans from obtaining passports that accurately reflect their gender identities.,Social Progression,Signpost - Judicial recognition of gender identity within human rights frameworks,-2,Federal Judiciary,transgender and gender-diverse individuals,no,https://www.dw.com/en/us-court-rejects-trump-transgender-passport-appeal/a-73887209,,Procedural/Institutional
9/6/2025,"Transgender people incarcerated in Georgia prisons can once again receive some gender-affirming care, at least temporarily, following a judge’s order. A federal judge ruled Thursday that a ban on using public funds for gender-affirming care in state prisons likely violates constitutional protections against cruel and unusual punishment. According to court documents, there are about 340 people in the custody of the Georgia Department of Corrections who have been diagnosed with gender dysphoria, of whom 107 were receiving hormone replacement therapy as of the end of June. The system’s inmate population is more than 50,000.",Social Progression,Signpost - Judicial recognition of gender identity within human rights frameworks,-3,Federal Legislative,trans and non-binary inmates,no,https://georgiarecorder.com/2025/09/06/ban-on-gender-affirming-care-in-georgia-prisons-is-on-hold-for-now/,,Procedural/Institutional
9/7/2025,"The number of LGBTQ+ Americans inquiring about moving to Canada has soared since Donald Trump’s re-election, campaigners have said, as people across the US wrestle with the fallout of rising anti-gay rhetoric, anti-trans executive orders, and the more than 600 bills targeting LGBTQ+ rights.",Diplomatic Disruption,Signpost - Foreign governments issuing travel warning or recognizing/processing claims on gender-based persecution in the US,2,International/Multilateral,LGBTQ+ individuals,yes,https://www.theguardian.com/world/2025/sep/07/trump-lgbtq-americans-canada,,Discursive/Symbolic
9/8/2025,"Denver Public Schools have pushed back against the idea that the district is at an impasse with the government over demands about converting an all-gender bathroom back to single-sex facilities at a Denver high school.In a letter sent to the U.S. Office of Civil Rights on Sunday, district officials said it’s tried several times to discuss a resolution with the government, but it has been unwilling. DPS, though, said it’s willing to discuss options with the federal government over East High School’s all-gender bathrooms — missing a deadline set by the U.S. Department of Education. The district was given 10 days to comply with an order to change the bathrooms and other mandates. Instead, the district is asking the government to begin a 90-day resolution negotiation, the typical length the Office of Civil Rights gives to resolve complaints.",Status Quo,,-1,Local/Municipal Government,transgender and gender-diverse youth,no,https://denverite.com/2025/09/08/dps-response-deadline-east-high-all-gender-bathroom/ ,,Procedural/Institutional
9/8/2025,"In early October, a proposed Senate Bill seeking a total abortion ban for South Carolina will have a public sub-committee hearing Hearing on proposed total abortion ban scheduled for early October (WCIV) Senate Bill 323, also called the 'Unborn Child Protection Act,' would repeal current safeguards under the state's current six-week abortion ban, change legal definitions, and could create new implications for contraception and fertility treatments like In-Vitro Fertilization.",Status Quo,,0,State Government,"Reproductive healthcare patients and providers, women and girls",no,https://kfoxtv.com/news/nation-world/it-breaks-my-heart-hearing-on-proposed-sc-total-abortion-ban-scheduled-for-oct-1-planned-parenthood-womens-healthcare-wciv-abc-news-4-9-8-2025 ,,Procedural/Institutional
9/9/2025,"A federal court ordered the Trump administration Tuesday to process the passport applications of six transgender and nonbinary Americans with sex markers reflecting their gender identity, temporarily halting enforcement of a State Department policy requiring U.S. passports to match a person’s “biological sex at birth.”",Political Progression ,"Signpost - Judicial rulings or injuctions that reinforce, expand, or affirm gender, reproductive, or LGBTQ+ rights",-3,Federal Judiciary,transgender and gender-diverse individuals,no,https://thehill.com/homenews/lgbtq/5493992-trump-transgender-passport-policy/ ,,Procedural/Institutional
9/9/2025,"The Trump administration announced last month that it would remove gender-affirming care from the health care services covered under the Federal Employees Health Benefits (FEHB) Program beginning in 2026. The move erodes health care coverage for the more than 8 million people who rely on FEHB, employment-based health insurance for federal employees, retirees, and their family members, and threatens the dignity of transgender recipients.",Hybrid Political/Social Disruption,Signpost - Political and policy decisions resulting in the erasure of gender-affirming care and related protections,3,Federal Agencies,trans and non-binary federal workforce,no,https://www.hrw.org/news/2025/09/09/trump-moves-to-restrict-gender-affirming-care-to-federal-workers-families ,,Material Impact
9/10/2025,"A federal judge has blocked the Trump administration's attempt to subpoena medical records of transgender patients who received gender-affirming care at Boston Children's Hospital. In a ruling on Tuesday, U.S. District Judge Myong Joun said the administrative subpoena served by the U.S. Department of Justice was improper and ""motivated only by bad faith.""",Political Progression ,"Signpost - Judicial rulings or injuctions that reinforce, expand, or affirm gender, reproductive, or LGBTQ+ rights",-2,Federal Judiciary,"transgender and gender-diverse youth, Healthcare practitioners",no,https://www.nbcnews.com/politics/politics-news/poll-gen-zs-gender-divide-reaches-politics-views-marriage-children-suc-rcna229255,,Procedural/Institutional
9/11/2025,"The California Legislature passed Senator Scott Wiener’s (D-San Francisco) SB 497, legislation to strengthen landmark legal protections for California’s transgender community. The Trump Administration has launched an all-out assault on transgender Americans, threatening to criminalize them, cut off their access to essential medical care, and banish them from public life. SB 497 reaffirms California’s commitment to treating all citizens with dignity and respect by strengthening SB 107 (Wiener, 2022), which created California’s Transgender State of Refuge protections against outside laws or actors targeting trans people in California. The bill also imposes penalties for attempting to access Californians’ sensitive medical data without a warrant.",Political Progression ,"Signpost - State or federal policy actions that establish, reinstate, or expand gender, reproductive, or LGBTQ+ protections",-3,State Government,"transgender and gender-diverse individuals, Healthcare practitioners",no,https://sd11.senate.ca.gov/news/legislature-passes-senator-wieners-bill-strengthen-californias-transgender-refuge-law,,Procedural/Institutional
9/11/2025,"Corewell Health on Wednesday announced that it would no longer prescribe puberty blockers and hormone therapy for patients under 18, citing a “serious risk of legal and regulatory action,” as President Donald Trump’s administration works to limit access to gender affirming care for minors. The decision by Corewell follows the hospital system’s decision to limit gender affirming care for minors earlier this year. It also now joins the University of Michigan as the second health system in the state to cease providing gender affirming care for minors.",Social Disruption ,"Signpost - Service withdrawal or denial driven by anticipated legal, financial, or political retaliation",2,Healthcare Systems,transgender and gender-diverse youth,no,https://michiganadvance.com/2025/09/11/advocates-warn-of-harms-to-trans-youth-as-corewell-health-ends-gender-affirming-care-for-minors/,,Material Impact
9/12/2025,"U.S. diplomats lambasted the UN women’s agency for promoting gender ideology and abortion, calling out the agency’s efforts to “eradicate the biological reality of sex.” Under instructions from the Trump administration, U.S. diplomats refused to endorse UN Women’s new four-year strategic plan and called out the agency for refusing to “protect biological reality.” The U.S. delegation voted against the strategy during a meeting of the Executive Board of the agency on Wednesday. It was the first time that the agency’s strategic plan was voted on, as it is normally adopted unanimously. While the U.S. delegation was alone in voting against the plan, ten other delegations, mostly from Africa and the Middle East. Also India and Russia expressed concerns about UN Women’s work on gender and sexual rights.",Diplomatic Disruption,Signpost - US foreign policy actions or statements aligning with domestic conservative agendas on gender and sexuality ,3,Federal Agencies,"international gender rights organizations, women and LGBTQ+ beneficiaries",no,https://c-fam.org/friday_fax/us-to-un-women-stop-pushing-gender-ideology/ ,,Discursive/Symbolic
9/13/2025,"The United States has suspended some funding for its flagship AIDS relief program, according to international organizations and members of Congress who warn the cuts are already hurting patients and halting critical projects globally. The full extent of the budget cuts related to US-funded HIV/AIDS relief work is highly unclear, and Congress is still battling the White House’s proposed budget clawbacks and withholding of billions of dollars in funding.",Diplomatic Disruption,Signpost - Use of conditional or punitive humanitarian aid to enforce conservative gender norms or restrict reproductive and LGTBQ+ rights,2,Federal Executive,"International aid recipients, women and LGBTQ+ beneficiaries",no,https://www.cnn.com/2025/09/13/africa/hiv-aids-program-cuts-trump-pepfar-intl,,Material Impact
9/13/2025,A federal judge has blocked a Kentucky inmate's request to halt the enforcement of a state law banning the use of public funds for hormone replacement therapy in prisons.,Political Disruption,,,,,no,https://www.wlky.com/article/judge-block-kentucky-ban-gender-affirming-care-prisons/66079561,,
9/14/2025,A controversy at Texas A&M University over the use of gender identity in a class on children's literature has made national headlines and resulted in the professor losing her job. ,Social Disruption ,,,,,,https://www.cbsnews.com/texas/news/texas-a-m-university-fires-professor-political-pressure-gender-identity-children-literature-class-education/,,
9/15/2025,"The Centers for Medicare and Medicaid Services (CMS) sent a letter to Kaiser Permanente requesting information on the medical group’s informed consent policies related to gender-affirming care. The inquiry, reported exclusively by National Review, is part of a broader Trump administration effort to scrutinize and potentially constrain gender-affirming medical practices through federal health agencies. While the request does not constitute a formal enforcement action or regulatory change, it signals the politicization of CMS oversight mechanisms to advance ideological objectives related to gender and healthcare.",Political Disruption,Signpost - Politicization or repurposing of protective institutions for political objectives,1,Healthcare Systems,"Healthcare practitioners, transgender and gender-diverse youth, transgender and gender-diverse individuals",no,https://www.nationalreview.com/news/exclusive-trump-admin-presses-kaiser-permanente-on-informed-consent-policies-for-gender-transition-services/ ,,Procedural/Institutional
9/15/2025,"Vermont officials plan to sidestep a Trump administration demand for states to nix ""gender ideology"" from a youth sex education program, opting to use state money to counter the threatened loss of over half a million federal dollars.",Political Progression ,"Signpost - State or federal policy actions that establish, reinstate, or expand gender, reproductive, or LGBTQ+ protections",-1,State Government,transgender and gender-diverse youth,no,https://www.burlingtonfreepress.com/story/news/local/vermont/2025/09/15/vermont-gender-sex-ed-program-prep-trump-funding-threat/86114163007/ ,,Societal Behavior and Norms
9/16/2025,"Despite facing new pushback over its longstanding bathroom policy, Anne Arundel County Public Schools in Maryland is standing its ground. Similar to other school districts, Anne Arundel County’s policy allows students to use the bathroom that matches the gender they identify with. It’s a policy that also aligns with state guidelines.",Status Quo,,-1,Local/Municipal Government,transgender and gender-diverse youth,no,https://wtop.com/anne-arundel-county/2025/09/anne-arundel-co-schools-stands-its-ground-after-new-pushback-over-bathroom-policy/,,Societal Behavior and Norms
9/17/2025,"A Republican gubernatorial candidate in Colorado went on a disturbing anti-LGBTQ+ rant during which he said queer people are against nature and are infiltrating the government to “force” their “beliefs” on others. Speaking at a forum for GOP candidates, state Sen. Mark Baisley decried the fact that the state legislature has a historic number of LGBTQ+ representatives and said the reason for the representation is because “they are in rebellion against nature.”",Political Disruption,Signpost - Politically driven misinformation or conspiracy narratives about gender diversity,1,State Government,local residents,no,https://www.lgbtqnation.com/2025/09/gop-gov-candidate-says-lgbtq-people-are-against-nature-at-dark-hate-filled-forum/,,Societal Behavior and Norms
9/17/2025,"The killing of right wing activist and influencer Charlie Kirk has prompted disturbing and questionably legal calls for a crackdown on the left from President Trump and his allies. In an appearance on the cable network Newsmax on Tuesday evening, Rep. Ronny Jackson (R-TX) took things further — way further. After latching on to the fact the man being charged with the shooting allegedly had a transgender romantic partner, Jackson called gender non-conforming people a “virus” as he argued they need to be placed in institutions and barred from the internet. “We have to do something about this,” Jackson said after railing against doctors who aid with “gender transition. “We have to treat these people. We have to get them off the streets and we have to get them off the internet. We can’t let them communicate with each other. I’m all about free speech, but this is a virus, this is a cancer that’s spreading across this country that’s going to do great damage to normal, hard working, law abiding people.”",Political Disruption,Signpost - Politically driven misinformation or conspiracy narratives about gender diversity,2,Federal Legislative,transgender and gender-diverse individuals,no,https://www.yahoo.com/news/articles/texas-congressman-says-trans-people-175852057.html ,,Societal Behavior and Norms
9/17/2025,"Washington state will backfill lost Medicaid dollars for Planned Parenthood after a court ruling last week. At the same time, advocates continue to push for restored funding for abortion access that lawmakers cut in Washington’s new state budget. In the so-called “big, beautiful bill” congressional Republicans approved in July, they included a prohibition on Medicaid funding for Planned Parenthood clinics across the country. Unlike many of the law’s other provisions, the one-year moratorium took effect when President Donald Trump signed the law. Gov. Bob Ferguson committed in July to backfilling more than $11 million Planned Parenthood stands to lose in Washington without a year’s worth of federal Medicaid reimbursements. ",Political Progression ,,-3,State Government,"women and girls, Beneficiaries of federal programs",no,https://washingtonstatestandard.com/2025/09/18/wa-will-replace-planned-parenthoods-lost-medicaid-funding-with-state-dollars/ ,,Material Impact
9/17/2025,"A federal appeals court last week allowed the federal government to kick the nation’s largest reproductive health care provider out of Medicaid, the public health insurance program for low-income people. The policy was enacted in July but had been held up in the courts. Last week’s ruling means that it can now take effect.",Political Disruption,"Signpost - Legislative or executive actions restricting reproductive, gender, or workplace rights",2,Federal Judiciary,Reproductive healthcare patients and providers,no,https://19thnews.org/2025/09/planned-parenthood-defunding-impacts-patients/,,Procedural/Institutional
9/18/2025,Dozens of women’s rights activists rallied Thursday near the U.S. Embassy in Brussels to protest what many say are plans by President Donald Trump’s administration to destroy millions of dollars in family planning supplies meant for women living in hardship in Africa.,Diplomatic Disruption,Signpost - Adoption of US aligned conservative gender policies by foreign governments ,1,Civil Society/NGOs,Human rights advocates/activists,no,https://apnews.com/article/europe-us-contraceptives-belgium-trump-530627722b65a2a73ec417eb64546187 ,,Societal Behavior and Norms
9/18/2025,"Attorneys representing the state of Ohio and women’s health clinics made oral arguments Tuesday over whether other provisions in the state’s 2019 six-week abortion ban law can be maintained, even though the ban itself has been struck down. During oral arguments in front of three judges from the First District Court of Appeals, both the state and attorneys for the reproductive health clinics made it clear that the six-week abortion ban itself was not up for debate, and was settled when a trial court struck down the ban in October of last year.",Status Quo,,-1,Federal Judiciary,"women and girls, Healthcare practitioners",no,https://ohiocapitaljournal.com/2025/09/18/ohio-abortion-regulations-appeal-attorneys-for-the-state-and-womens-health-clinics-make-arguments/ ,,Procedural/Institutional
9/18/2025,"In likely the most aggressive attempt to stymie the flow of abortion medication by any state thus far, Republican Governor Greg Abbott on Wednesday signed into law an extreme bill that seeks to stop its residents from receiving abortion pills by mail. House Bill 7 empowers private citizens to sue abortion medication manufacturers, distributors, and anyone else across the United States who mails, prescribes, or provides abortion-inducing pills to the state and reap a minimum of $100,000 in court.",Hybrid Political/Social Disruption,Signpost - Restructuring or repurposing internal government mechanisms to enable legal or administrative barriers to reproductive care,4,,"women in TX, practitioners in TX, women’s reproductive rights",no,https://www.thenation.com/article/society/texas-hb7-abortion-medication/# ,,Procedural/Institutional
9/18/2025,"The Sarasota County School Board amended the student code of conduct on Tuesday to remove terms such as race, disability, gender identity, gender expression and sexual orientation. The updated code of conduct now states all students have a right to a safe learning environment.",Social Disruption ,Signpost - Federal/state government intervention in educational curricula appealing towards more traditional views on gender and sexuality,,,"students in FL, trans and non-binary youth in FL, educator workforce",no,https://www.heraldtribune.com/story/news/local/sarasota/2025/09/18/sarasota-county-schools-removes-race-gender-disability-protections-from-code-of-conduct/86189914007/ ,,
9/19/2025,"A federal judge on Friday blocked U.S. President Donald Trump's administration from disfavoring arts organizations deemed to be promoting ""gender ideology"" when deciding which ones should receive grants from the National Endowment for the Arts. U.S. District Judge William Smith in Providence, Rhode Island, ruled, opens new tab that a policy the NEA adopted to implement an executive order Trump signed was unlawful and violated the free speech protections of the U.S. Constitution's First Amendment.",Political Progression ,"Signpost - State or federal policy actions that establish, reinstate, or expand gender, reproductive, or LGBTQ+ protections",,,,,https://www.reuters.com/world/us/trump-order-denying-grants-artists-over-gender-ideology-violated-first-amendment-2025-09-19/,,
9/20/2025,Justice Department lawyers argued that the government could not be forced “to use inaccurate sex designations on identification documents” that are “government property and an exercise of the president’s constitutional and statutory power to communicate with foreign governments”.,Status Quo,,-1,Federal Judiciary,transgender and gender-diverse individuals,no,https://www.aljazeera.com/news/2025/9/20/trump-seeks-enforcement-of-transgender-and-non-binary-passport-policy,,Discursive/Symbolic
9/23/2025,"The Trump administration demanded that New York City scrap policies designed to protect transgender students by Tuesday evening or it will discontinue millions in grant funding earmarked for magnet schools. That would affect about $15 million city officials were expecting from the federal government next fiscal year, which the city has used to support five magnet school programs. City officials say they expected $36 million for the remaining duration of the grants. Federal officials said they would not revoke funds that have already been distributed.",Status Quo,,2,Federal Executive,transgender and gender-diverse youth,no,https://www.chalkbeat.org/newyork/2025/09/23/trump-administration-threatens-magnet-grant-funding-nyc-schools-eric-adams/,https://subscriber.politicopro.com/article/2025/10/nyc-sues-white-house-to-get-back-federal-funding-for-magnet-schools-00611831,Material Impact
9/24/2025,"Dr. Mehmet Oz, the celebrity TV doctor-turned-federal-administrator, publicly broke with his boss, Donald Trump, on Tuesday after the president made wild claims about Tylenol being a cause of autism if taken by pregnant women. Oz, who leads the Centers for Medicare and Medicaid Services, appeared on TMZ Live as the health world continued to react to the Trump administration’s pronouncement that use of acetaminophen, the active ingredient in Tylenol, during pregnancy was linked to diagnoses of autism. Evidence on the matter is inconclusive, and many studies suggest that the accusations are unfounded. The former TV doc told TMZ’s hosts what many independent medical experts urged in the wake of the administration’s pronouncement on Monday: that pregnant women fighting illnesses that cause fevers may still be prescribed the drug by their doctors, and should follow those recommendations from their primary-care providers.",Hybrid Political/Social Disruption,"Signpost - Escalating misinformation and politicization of gendered health issues
",,,Pregnant women in the US ,no,https://www.independent.co.uk/news/world/americas/us-politics/dr-oz-trump-tylenol-autism-pregnancy-b2832927.html,https://www.nytimes.com/2025/09/24/us/politics/pregnant-women-tylenol-trump.html,
9/25/2025,"The Trump administration said this week that it would withhold more than $65 million in federal grants from magnet schools in three large school districts after they refused to overhaul their policies regarding transgender and nonbinary students or to change their diversity and equity programs. The three school districts — in New York City, Chicago and Fairfax, Va. — were accused by the federal Education Department last week of violating civil rights law.",Political Disruption,Signpost - Federal agency intervention targeting states resisting discriminatory federal policies,2,Education Systems,"youth, transgender and gender-diverse youth",no,https://www.nytimes.com/2025/09/25/nyregion/trump-dei-schools-federal-money.html ,,Material Impact
9/26/2025,"Sixteen states and the District of Columbia sued the U.S. Department of Health and Human Services on Friday, alleging that its threats to pull sexual education funding over curricula mentioning diverse gender identities were a violation of federal law.",Political Progression ,Signpost - State-level resistance to federal anti-discrimination directives,,,"gender-diverse youth, state governments, educators",yes,https://apnews.com/article/trump-administration-sex-ed-funding-gender-lawsuit-ea352d9980bc18084fa6da51a94c5a66,,
9/28/2025,"Maryland Attorney General Anthony Brown is back to suing the Trump Administration. Brown and more than a dozen other Democratic-led State Attorneys General are now accusing the Department of Health and Human Services of attempting to force them to ""rewrite sexual health curricula to erase entire categories of students."" More specifically, the Administration is threatening to withhold school funding for teen sexual health education programs unless the states remove specific language affirming gender identity.",Political Disruption,,,,,no,https://www.wmar2news.com/infocus/maryland-fights-feds-over-threats-to-cut-sex-ed-funding-unless-gender-id-removed#google_vignette,,
9/29/2025,A group of former patients who received gender-affirming care at University of Pittsburgh Medical Center’s Children’s Hospital are urging a district court to stop a subpoena that would require the health system to hand over patients’ medical and personal information to the federal government.,Political Disruption,,,,,no,https://www.healthcaredive.com/news/upmc-patients-fight-quash-doj-subpoena-gender-affirming-care-services/761335/,,Procedural/Institutional
9/30/2025,"At an address of assembled generals and admirals, Pete Hegseth, the US defense secretary, outlined changes to military policy and philosophy in a set of 10 directives meant to change organizational culture around fitness, race and gender, describing the previous state of military affairs as the “woke department”.",Political Disruption,,,,,no,https://www.theguardian.com/us-news/2025/sep/30/pete-hegseth-war-diversity-efforts-military,,Discursive/Symbolic
9/30/2025,"The U.S. Departments of Education and Health and Human Services say Minnesota is in violation of a federal law prohibiting discrimination on the basis of sex in programs that receive federal funds, citing the participation of transgender athletes in girls’ and women’s sports.",Political Disruption,,,,,no,https://minnesotareformer.com/2025/09/30/feds-find-minnesota-in-violation-of-title-ix-over-trans-athletes/,https://www.hhs.gov/press-room/ocr-ed-hhs-find-mn-violates-title-nine.html,Procedural/Institutional
10/1/2025,"The federal Administration for Children and Families has notified its Massachusetts counterpart that it is beginning an investigation into a state policy requiring prospective foster parents to support a child’s gender identity, including when it deviates from their biological gender assigned at birth.",Political Disruption,,,,,no,https://www.telegram.com/story/news/regional/2025/10/01/massachusetts-foster-family-gender-identity-lawsuit/86439943007/?gnt-cfr=1&gca-cat=p&gca-uir=true&gca-epti=z11xx24p000150c000150v11xx24d--98--b--98--&gca-ft=168&gca-ds=sophi,,
10/2/2025,"The White House on Wednesday sent letters to nine of the nation’s top public and private universities, urging campus leaders to pledge support for President Trump’s political agenda to help ensure access to federal research funds.",Hybrid Political/Social Disruption,,,,,,https://www.nytimes.com/2025/10/02/us/politics/trump-college-funding.html,,Procedural/Institutional
10/2/2025,A federal judge in Seattle granted the ACLU’s request to block a directive from the Trump administration that sought to exclude certain immigrant families from Head Start for the first time in the program’s 60-year history.,Political Progression ,,,,,,https://www.aclu.org/news/womens-rights/federal-judge-blocks-trump-effort-to-bar-some-immigrant-families-from-head-start,,
10/3/2025,"Canada this week updated its travel advisory for the United States, warning travelers with an ""X"" gender marker on their passports that they may not be allowed to enter the country.",Diplomatic Disruption,Signpost - Foreign governments issuing travel warning or recognizing/processing claims on gender-based persecution in the US,1,International/Multilateral,foreign nationals and international travelers,indirect,https://www.reuters.com/world/americas/canada-warns-travelers-with-x-gender-passports-they-may-not-be-allowed-into-us-2025-10-03/,,Procedural/Institutional
10/4/2025,"Hours after the government shut down Wednesday, the Trump administration shuttered the Department of Justice’s grant-making offices, furloughing employees who help provide federal support to organizations that aid victims of domestic violence and other crimes against women.",Social Disruption ,,,,,,https://www.politico.com/news/2025/10/04/doj-furloughs-could-impact-domestic-violence-grants-some-fear-thats-the-point-00594256,,
10/6/2025,"The federal government has been shut down for nearly a week, and experts say a food aid program that helps more than 6 million low-income mothers and young children is nearing a dire funding situation that will force states to use their own money to keep it afloat – or risk it closing. The $8 billion Special Supplemental Nutrition Program for Women and Children, known as WIC, provides vouchers to purchase infant formula, as well as healthy staples often out of financial reach for low-income households. Currently, it’s being kept afloat by a $150 million contingency fund, thanks to the intersection of the shutdown that began Oct. 1 and a new fiscal year. States could step in to pay for the program and seek reimbursement when a budget finally passes, but not all states say they can afford to do so. The WIC program – targeted for elimination in Project 2025, the influential policy blueprint authored by President Donald Trump’s budget chief – has long had bipartisan support. But the spending plan backed by House Republicans would not fully fund the program.",Social Disruption ,Signpost - Politically motivated withholding of welfare funding and services targeting women or marginalized populations,,,SNAP and WIC reciepnts,no,https://apnews.com/newsletter/ground-game/october-6-2025,,Material Impact
10/7/2025,"Missouri’s Republican attorney general is trying to get the medical records of Planned Parenthood patients who’ve had abortions, officials who oversee clinics in Kansas City and St. Louis said in legal filings. The fight over the subpoenas is playing out in a lawsuit filed last year by Planned Parenthood Great Plains, the abortion provider’s affiliate for Kansas City, and Planned Parenthood Great Rivers, the affiliate for St. Louis. Planned Parenthood officials argue that the state’s restrictions violate an amendment to the Missouri Constitution narrowly approved by voters in November to protect abortion rights.",Political Disruption,Signpost - Politicization or repurposing of protective institutions for political objectives,2,State Government,"Reproductive healthcare patients and providers, Healthcare practitioners",no,https://apnews.com/article/abortion-missouri-patient-records-planned-parenthood-11c1eb19341bc0e654e44cde87abe63c,,Procedural/Institutional
10/7/2025," A majority of Supreme Court justices on Tuesday seemed likely to side with a Christian counselor challenging bans on LGBTQ+ “conversion therapy” for kids as a violation of her First Amendment rights. Kaley Chiles, with support from President Donald Trump’s administration, argues the laws passed by about half of U.S. states wrongly bar her from offering voluntary, faith-based therapy for kids.",Status Quo,,1,Federal Judiciary,LGTBQ+ youth,no,https://apnews.com/article/supreme-court-lgbtq-conversation-therapy-transgender-1b10b8e959e2e9284724f4f65efe5f7d,https://www.npr.org/2025/10/07/nx-s1-5563987/supreme-court-conversion-therapy-colorado,Procedural/Institutional
10/8/2025,"A state appeals court on Wednesday barred Nassau County from enforcing the ban while a legal challenge brought on behalf of a local women’s roller derby league plays out. The decision comes after a lower court judge upheld the local law Monday, and the New York Civil Liberties Union, which had sued on the roller derby league’s behalf, vowed to challenge the ruling.",Social Progression,Signpost - Judicial recognition of gender identity within human rights frameworks,-2,State Government,"trans and non binary athletes, local residents",no,https://apnews.com/article/new-york-roller-derby-transgender-athlete-ban-4396d84c2d688a82b52b60cc93199d5a,,Procedural/Institutional
10/8/2025,"The CDC and its independent panel of vaccine advisers have quietly opened the door to wider access to Covid-19 vaccination during pregnancy, softening an earlier decision by Health Secretary Robert F. Kennedy Jr. to stop recommending that pregnant women get the shots.The CDC’s Advisory Committee on Immunization Practices voted in September to advise that adults get the Covid-19 shot through shared clinical decisionmaking between patients and providers. It did not specifically vote on whether the shot should be administered during pregnancy, yet the vote appears to encompass pregnant women, according to an update this month on the CDC website that reflects the new guidance.",Social Progression,Signpost- Expansion of gender-responsive healthcare services,-1,Federal Agencies,"Reproductive healthcare patients and providers, Healthcare practitioners",no,https://www.politico.com/news/2025/10/08/cdc-covid-vaccine-pregnant-women-recommendation-00599151,,Procedural/Institutional
10/9/2025," A North Dakota judge has upheld the state’s ban on gender-affirming care for children, in a blow to families who have had to travel out of state to obtain the medical treatments they said are crucial for their kids’ well-being. District Judge Jackson Lofgren said in his decision Wednesday that the law discriminates based on age and medical purpose, not sex, and that there’s little evidence the Legislature passed the law for “an invidious discriminatory purpose.” He also noted various concerns and ongoing debates over the medical treatments involved.",Political Disruption,"Signpost - Judicial challenges seeking to weaken, reinterpret, or overturn gender-related civil rights precedents",3,State Government,"transgender and gender-diverse youth, local residents",no,https://apnews.com/article/north-dakota-lgbtq-genderaffirming-care-f6bc791630de5fd31fc8dbf305887874,,Procedural/Institutional
10/9/2025,New York Attorney General Letitia James was indicted Thursday on mortgage fraud charges in a case that President Donald Trump urged his Justice Department to bring after he vowed retribution on his biggest political enemies. James last year won a staggering judgment against Trump and his companies in a lawsuit alleging he lied to banks and others about the value of his assets.,Political Disruption,Signpost - Politicization or repurposing of protective institutions for political objectives,2,Federal Executive,elected officials,no,https://apnews.com/live/donald-trump-news-updates-10-9-2025,https://www.nbcnews.com/video/shorts/grand-jury-indicts-n-y-attorney-general-letitia-james-249587781642,Procedural/Institutional
10/9/2025,A New York county’s law banning transgender women from playing on female sports teams at county-run parks and recreational facilities has been halted for now. ,Social Progression,Signpost - Judicial recognition of gender identity within human rights frameworks,-2,State Government,"trans and non binary athletes, local residents",no,https://www.nbcnews.com/nbc-out/out-news/judge-halts-new-york-county-transgender-athlete-ban-rcna236656 ,,Procedural/Institutional
10/9/2025,A district court judge on Wednesday denied the Trump administration's request to halt a lawsuit over its proposed Medicaid cuts to Planned Parenthood during the current shutdown of the federal government. The U.S. Department of Health and Human Services sought a motion for a stay in the proceedings because the Appropriations Act funding the Department of Justice and the majority of other executive agencies lapsed when the government shut down on September 30.,Political Progression ,"Signpost - Judicial rulings or injuctions that reinforce, expand, or affirm gender, reproductive, or LGBTQ+ rights",,,,,https://www.newsweek.com/judge-denies-trump-admin-attempt-pause-medicaid-case-amid-shutdown-2135082,,
10/9/2025,"After a decade during which both of Missoula’s two hospitals delivered babies, only one will continue to do so after Friday, part of a nationwide trend of declining maternity care. Providence St. Patrick Hospital will close its Family Maternity Center, effective Oct. 10, because of “external challenges” including a declining number of births at the hospital and workforce shortages, hospital officials said in announcing the decision.",Social Disruption ,Signpost - Decline in the efficiency of public government services,,,,,https://apnews.com/article/missoula-montana-general-news-65d79d607b5a677ae9ced28839fd0e5e ,,
10/10/2025,"Among the long list of political adversaries President Trump has targeted in his second term are several Black women in powerful positions. There’s Lisa Cook, who serves on the Federal Reserve’s Board of Governors, which has stood in the way of Mr. Trump’s desire to lower interest rates. And Fani T. Willis, the Georgia prosecutor who brought election interference charges against him. And now, there is Attorney General Letitia James of New York, who brought a civil case against Mr. Trump and won. All three women have risen to their posts as firsts. Ms. James is the first woman in New York to be elected attorney general and the first African American woman elected to statewide office. Ms. Willis is the first woman to serve as the district attorney for Fulton County, while Ms. Cook is the first Black woman to serve on the Federal Reserve board.",Political Disruption,Signpost - Politicization or repurposing of protective institutions for political objectives,3,Federal Governance / Public Institutions,elected officials,yes,https://www.nytimes.com/2025/10/10/us/politics/letitia-james-black-women-trump-targets.html,,Procedural/Institutional
10/10/2025,"The Republican candidate for Virginia Governor defended her opposition to same-sex marriage during a debate against her Democrat rival. During the televised face-off on Thursday (9 October), Democrat Abigail Spanberger said that Winsome Earle-Sears was “morally opposed to same sex marriage”, to which the Republican candidate repeatedly cried: “That’s not discrimination.” She also went on to say that a lack of employment protections for LGBTQ people is “not discrimination.” The debate at Norfolk State University became heated at times, and Earle-Sears repeatedly spoke over Spanbgerger, forcing moderators to intervene. The main focus was on Virginia's Democratic nominee for attorney general, Jay Jones. Last week, texts from 2022 surfaced in which Jones suggested that one of the top legislative Republicans in the state should be shot in the head.",Social Disruption , Signpost - Shifting societal norms and ongoing legal battles limiting the scope of gender identity and reproductive autonomy protections,,,,,https://www.independent.co.uk/tv/news/virginia-gop-candidate-same-sex-marriage-discrimination-video-b2843328.html,,
10/10/2025,Senior officials at the Environmental Protection Agency directed scientists over the summer to assess whether the government could develop methods for detecting traces of abortion pills in wastewater — a practice sought by anti-abortion activists seeking to restrict the medication.,Social Disruption ,,,,,,https://www.nytimes.com/2025/10/10/us/politics/epa-abortion-wastewater.html?smid=nytcore-ios-share&referringSource=articleShare,,
10/11/2025,"A federal judge in Rhode Island has barred the U.S. Departments of Health and Human Services and Housing and Urban Development from enforcing new federal grant conditions that restrict funding for programs connected to diversity, equity, inclusion, gender identity, or abortion-related services.",Status Quo,,-1,Federal Judiciary,US- funded civil society organizations,no,https://www.lawcommentary.com/articles/federal-judge-blocks-hhs-and-hud-grant-restrictions-on-domestic-violence-and-dei-programs,,Procedural/Institutional
10/13/2025," The U.S. Department of Agriculture is infusing $300 million into a key federal nutrition program to keep it running through October, while a government shutdown continues without an apparent end point. USDA’s Special Supplemental Nutrition Program for Women, Infants, and Children — known as WIC — has relied on short-term funds amid the shutdown. That has worried advocates as states are left to fill the gaps when the money runs out. USDA is transferring $300 million into WIC from its child nutrition programs account, which has long been funded in part by tariff revenue from prior years, according to a congressional aide familiar with the plan. The transfer does not require congressional approval and is expected to keep the program afloat through the end of this month. A USDA spokesperson said in a statement to States Newsroom that the agency “will utilize tariff revenue to fund WIC for the foreseeable future,” though the spokesperson did not offer any specifics. President Donald Trump’s administration had announced the transfer last week but also did not provide much detail. 

",Status Quo,,0,Federal Agencies,"Beneficiaries of federal programs, women and girls",no,https://mainemorningstar.com/2025/10/13/repub/nutrition-program-for-women-infants-and-children-to-stay-afloat-through-end-of-month/,,Material Impact
10/14/2025,"Former federal ethics officials who served in Republican and Democratic administrations are asking the Justice Department's inspector general to investigate the prosecutions of former FBI Director James Comey and New York Attorney General Letitia James. In a letter obtained by CBS News, ethics officials who worked in the Obama and George W. Bush administrations urged a formal review of interim U.S. Attorney for the Eastern District of Virginia Lindsey Halligan's decision to prosecute Comey and James. They sent their request Tuesday to Acting Justice Department Inspector General William Blier, writing, ""Ms. Halligan pursued these indictments to fulfill President Donald J. Trump's longstanding personal vendetta against Mr. Comey and Ms. James, we are facing a turning point in our democracy and some of the most egregious examples of vindictive and meritless prosecution that our nation has ever seen."" The letter was written by leaders of the Democracy Defenders Fund, a Washington-based nonpartisan group that has frequently been critical of the Trump administration.",Political Disruption,Signpost - Politicization or repurposing of protective institutions for political objectives,,,,no,https://www.cbsnews.com/news/watchdog-group-seeks-probe-of-comey-letitia-james-cases/,,
10/15/2025,"On 10/15/2025, Donald Trump signed an executive order titled “Ensuring Continued Accountability in Federal Hiring.” The EO: restricts creation of new federal positions, requires agencies to centralize hiring approval through Strategic Hiring Committees, mandates Annual Staffing Plans aligned with administration priorities, and gives Office of Personnel Management and Office of Management and Budget quarterly oversight authority.",Political Disruption,Signpost - Increased use of executive orders to circumvent legislative and judicial constraints,3,Federal Executive,federal workforce,indirect,https://www.whitehouse.gov/fact-sheets/2025/10/fact-sheet-president-donald-j-trump-ensures-continued-accountability-in-federal-hiring/,https://www.federalregister.gov/documents/2025/10/20/2025-19614/ensuring-continued-accountability-in-federal-hiring,Procedural/Institutional
10/15/2025,"Hims & Hers Health said it is now providing menopause care, marking the company’s latest push into hormone-replacement therapies. The telehealth company sees the new offering as a major opportunity to scale its platform, given about 1.3 million women in the U.S. experience menopause each year, with often limited support from existing providers, said Dr. Jessica Shepherd, chief medical officer of Hers, the company’s women’s health business.",Social Progression,Signpost- Expansion of gender-responsive healthcare services,-1,Healthcare Systems,women and girls,no,https://www.wsj.com/health/healthcare/hims-hers-to-offer-treatments-for-menopause-perimenopause-81b2a534?gaa_at=eafs&gaa_n=AWEtsqchutCO7VxVHU0hlcr384IELBKGYRvQ5xLbiz6Jjkp25ROqnZQhcIV8&gaa_ts=68f1631b&gaa_sig=omvwCkdfnXuYWSZOgTne3RSgPhqvS4DpRZZkewNYa3EUk5qUkqYv1RvYWGCtySA2Yc7gDHUtWY4zHEiMLw4xrA%3D%3D,,Material Impact
10/15/2025,"Oklahoma’s new public schools superintendent announced Wednesday he is rescinding a mandate from his predecessor that forced schools to place Bibles in classrooms and incorporate the book into lesson plans for students. Walters, a far-right Republican, made fighting “woke ideology"", banning certain books from school libraries and getting rid of “radical leftists” who he claims were indoctrinating children in classrooms a focal point of his administration. Since his election in 2020, he imposed a number of mandates on public schools and worked to develop new social studies standards for K-12 public school students that included teaching about conspiracy theories related to the 2020 presidential election.",Social Progression,Signpost- Reinstatement of gender-conscious or equity-oriented educational programs,-2,Education Systems,"youth, Education practitioners",no,https://abcnews.go.com/US/wireStory/new-oklahoma-schools-superintendent-rescinds-mandate-bible-instruction-126558374 ,https://apnews.com/article/oklahoma-schools-bible-mandate-superintendent-630b2f706731224a070d7fef6a35b7d8,Material Impact
10/15/2025,"The public release of a Young Republican group chat that included racist language, jokes about rape and flippant commentary on gas chambers prompted bipartisan calls for those involved to be removed from or resign their positions. The Young Republican National Federation, the GOP’s political organization for Republicans between 18 and 40, called for those involved to step down from the organization. The group described the exchanges, first reported by Politico, as “unbecoming of any Republican.” Republican Vice President JD Vance, however, has weighed in several times to speak out against what he characterized as “pearl clutching” over the leaked messages.Vance, 41, said he grew up in a different era where “most of what I, the stupid things that I did as a teenager and as a young adult, they’re not on the internet.” The father of three said he would caution his own children, “especially my boys, don’t put things on the internet, like, be careful with what you post. If you put something in a group chat, assume that some scumbag is going to leak it in an effort to try to cause you harm or cause your family harm.” “I really don’t want to us to grow up in a country where a kid telling a stupid joke, telling a very offensive, stupid joke is cause to ruin their lives,” Vance said. ",Political Disruption,Signpost - Political actors amplifying divisive or gender-targeted rhetoric,,,,no,https://apnews.com/article/vance-trump-republicans-racist-group-chat-young-98edef4d2fdbb8def5dad24a3ab4e0c9 ,https://www.pbs.org/newshour/politics/jd-vance-dismisses-bipartisan-outrage-over-racist-and-offensive-young-republican-group-chat,
10/16/2025,"NBC News is slashing its verticals dedicated to issues surrounding marginalized and minority communities as it lays off roughly 7 percent of its staff amid a restructure as the Peacock Network fully splits from its cable entities. With about 150 people notified this week that they are losing their jobs, the layoffs are spread across the newsroom as the network will no longer be assisting with the news gathering at CNBC and MSNBC, which were spun off into a separate company, Versant.",Economic Disruption ," Signpost - Cuts  or divestments in federal scientific, evidence-based research, or mass media related to equity, gender, or social policy",3,Corporate/Private Sector,"Marginalized ethnicity groups, women and girls",no,https://www.independent.co.uk/news/world/americas/nbc-news-layoffs-black-latino-lgbtq-b2846720.html,,Societal Behavior and Norms
10/16/2025,"New York City schools sued federal education officials Thursday over a decision to discontinue $47 million in promised grants because of the schools' guidelines supporting transgender students. City officials said the federal agency led by Education Secretary Linda McMahon cut funding without the required notice or hearing after deciding that policies letting transgender students play sports and use bathrooms matching their gender identity violate Title IX, which forbids discrimination based on sex in education.",Economic Disruption ,Signpost - Punitive withdrawal of federal welfare funding to compel state compliance with executive policy priorities,3,Education Systems,"women and girls, transgender and gender-diverse youth",no,https://abcnews.go.com/US/wireStory/nyc-schools-sue-us-education-officials-47m-grant-126595240,https://thehill.com/homenews/education/5560363-new-york-city-schools-trump-transgender-students/ ,Procedural/Institutional
10/16/2025,"Fallout is growing after a Politico investigation revealed offensive text messages exchanged in a private Young Republicans group chat. The report details racist, homophobic and antisemitic language shared among about a dozen members over several months. ",Political Disruption,Signpost - Political actors amplifying divisive or gender-targeted rhetoric,3,Cultural/Media Institutions,"women and girls, Marginalized ethnicity groups, LGBTQ+ individuals",no,https://www.pbs.org/newshour/show/young-republicans-hateful-group-chat-sparks-bipartisan-condemnation ,,Societal Behavior and Norms
10/16/2025,"President Donald Trump said Thursday his administration had negotiated a lower price for a major fertility drug and would issue a regulation allowing employers to cover part of employees’ fertility coverage. Pharmaceutical company EMD Serono will offer the popular in vitro fertilization drug Gonal-F at an 84% discount, Libby Horne, the company’s senior vice president of U.S. fertility & endocrinology, said in the Oval Office. ",Social Progression,Signpost- Expansion of gender-responsive healthcare services,-2,Federal Executive,"women and girls, Reproductive healthcare patients and providers",no,https://www.newsfromthestates.com/article/trump-looks-expand-access-ivf-through-discount-employer-coverage,https://www.whitehouse.gov/fact-sheets/2025/10/fact-sheet-president-donald-j-trump-announces-actions-to-lower-costs-and-expand-access-to-in-vitro-fertilization-ivf-and-high-quality-fertility-care/,Procedural/Institutional
10/16/2025, The nation’s largest school system is suing the Trump administration to block it from halting millions of dollars in federal funding for local magnet schools due to the city’s transgender student policies.,Status Quo,,0,Federal Judiciary,transgender and gender-diverse youth,no,https://subscriber.politicopro.com/article/2025/10/nyc-sues-white-house-to-get-back-federal-funding-for-magnet-schools-00611831,,
10/16/2025,"Queer and trans immigrants at a detention facility in south Louisiana have alleged that they faced sexual harassment and abuse, medical neglect and coerced labor by staff at the facility, and that they were repeatedly ignored or faced retaliation for speaking out.",Social Disruption ,Signpost - Institutional enforcement of gender-restrictive norms within carceral systems,4,Federal Agencies,"women and girls, transgender and gender-diverse individuals, Marginalized ethnicity groups",yes,https://www.theguardian.com/us-news/2025/oct/16/ice-immigration-queer-trans-louisiana,,Material Impact
10/17/2025,"Health Secretary Robert F. Kennedy Jr. told a White House press briefing that the declining U.S. fertility rate is a ""national security threat"" and warned it is not high enough to ensure the American population remains stable. Kennedy was speaking to the press after President Donald Trump announced his administration had struck a new deal to reduce the costs of fertility medication.",Political Disruption,Signpost - Political actors amplifying divisive or gender-targeted rhetoric,2,Federal Executive,"women and girls, Reproductive healthcare patients and providers",yes,https://www.newsweek.com/white-house-issues-warning-over-us-fertility-rate-10893727,,Discursive/Symbolic
10/18/2025,"US Customs and Border Protection implemented a rule this week that will require airlines to disregard “X” sex markers on passports and input an “M” or “F” marker instead, sending those people with an “X” marker into panic.",Social Disruption ,,,,,,https://www.theguardian.com/us-news/2025/oct/18/airlines-passports-x-sex-marker,,
10/19/2025,"This week, POLITICO reported the existence of more than 28,000 Telegram messages from a group chat of Young Republicans. Bobby Walker, then vice chair of the New York State Young Republicans, warned months earlier, “If we ever had a leak of this chat we would be cooked fr fr.” That awareness did not stop messages like, “Great. I love Hitler,” from being sent. Other messages included gas-chamber jokes, repeated variations of the n-word and comments describing Black Americans as “the watermelon people.”",Political Disruption,Signpost - Political actors amplifying divisive or gender-targeted rhetoric,3,Cultural/Media Institutions,"women and girls, Marginalized ethnicity groups, LGBTQ+ individuals",no,https://www.politico.com/news/magazine/2025/10/19/young-republicans-group-chat-internet-reality-00613876,,Societal Behavior and Norms
10/20/2025,"The winner will likely influence abortion law in the only Southern state that’s maintained broad access to abortion since the U.S. Supreme Court in 2022 eliminated a national right to the procedure. Spanberger, a former congresswoman, supports a proposed state constitutional amendment that’ll reach voters only if Democrats maintain their House of Delegates majority. Earle-Sears, Virginia’s lieutenant governor, has been an outspoken abortion rights opponent throughout her political career. Both candidates have cast the other as an outlier on abortion. But they’re also focusing on other matters, like Spanberger’s emphasis on the economy and Earle-Sears’ opposition to transgender people’s rights.",Status Quo,,0,State Government,"local residents, women and girls",no,https://apnews.com/article/virginia-governors-race-abortion-768ce23c393980680563ea28949ad942 ,,Societal Behavior and Norms
10/20/2025,"The Trump administration is expanding its ranks of health care providers who work in immigration detention centers around the country as deaths in custody mount and federal oversight is weakened by layoffs. The push by the Department of Homeland Security to hire more than 40 doctors, nurses, psychiatrists, pharmacists and health administrators follows the revelation that nearly as many immigrants have died in custody so far this year than over the course of the Biden administration, according to government records.",Political Disruption,Signpost - Political actors amplifying divisive or gender-targeted rhetoric,,,,no,https://www.politico.com/news/2025/10/20/ice-is-hiring-dozens-of-health-workers-as-lawsuits-deaths-in-custody-mount-00614485,,
10/20/2025,"A federal judge in Oregon said on Monday she will block President Donald Trump's administration from forcing a group of Democratic-led states led by Washington, Oregon and Minnesota to remove all references to ""gender ideology"" from sexual health education curricula in order to receive federal grant funding. U.S. District Judge Ann Aiken said she plans to issue an injunction at the behest of those 16 states, as well as the District of Columbia, after a lawyer for Washington state told her during a hearing that the Department of Health and Human Services wants them to effectively ""edit transgender kids out of their curricula.""",Political Progression ,"Signpost - Judicial rulings or injuctions that reinforce, expand, or affirm gender, reproductive, or LGBTQ+ rights",,,,,https://www.reuters.com/world/us/us-judge-block-trump-directive-cut-gender-ideology-states-sex-ed-materials-2025-10-20/ ,,
10/21/2025,"An Alabama board is seeking to prohibit public libraries from placing books that “positively” depict transgender themes and topics in teen and children’s sections. The Alabama Public Library Service Board of Directors is considering a proposed rule change that expands the existing requirement for youth sections to be free of “material deemed inappropriate for children.” The new proposal said that includes any material that “positively depicts transgender procedures, gender ideology, or the concept of more than two biological genders.”",Political Disruption,Signpost - Public information and data erasure in government systems,1,State Government,transgender and gender-diverse youth,no,https://abcnews.go.com/Politics/wireStory/alabama-board-seeks-ban-books-positively-depict-trans-126744561 ,,Procedural/Institutional
10/21/2025,"Arizona Attorney General Kris Mayes filed a lawsuit against House Speaker Mike Johnson on Tuesday for failing to seat Rep.-elect Adelita Grijalva. In the lawsuit, filed in federal court in Washington, Mayes asks the court to compel Johnson to swear in Grijalva or allow her to be sworn in by someone else.",Political Disruption,"Signpost - Judicial challenges seeking to weaken, reinterpret, or overturn gender-related civil rights precedents",2,Federal Legislative,elected officials,indirect,https://www.politico.com/news/2025/10/21/arizona-attorney-general-lawsuit-mike-johnson-00617211,https://www.independent.co.uk/news/world/americas/us-politics/adelita-arijalva-arizona-lawsuit-mike-johnson-epstein-b2849676.html,Procedural/Institutional
10/21/2025,A federal judge in Virginia has ordered the Pentagon to restore books and curriculum that were removed from its schools following efforts by the Trump administration to weed out perceived “wokeness” from the military and education. ,Social Progression,Signpost - Establishment or reinstatement of gender-conscious or equity-oriented protection programs,-2,Federal Judiciary,"Education practitioners, youth",no,https://www.usatoday.com/story/news/nation/2025/10/21/defense-department-ordered-return-banned-books-schools/86814856007/,,Procedural/Institutional
10/21/2025,"A former Amazon delivery driver has filed a lawsuit accusing a federal civil right agency of abruptly and unlawfully abandoning her sex discrimination case and others like it following an executive order from President Donald Trump. The lawsuit filed by the former Colorado driver demands that the Equal Employment Opportunity Commission resume investigating her claims that Amazon discriminates against female drivers by failing to provide adequate bathroom breaks. The lawsuit is the latest example of workers and others scrambling to find recourse as federal agencies abandon their cases in response to Trump’s shake-up of the country’s civil rights enforcement infrastructure. The EEOC, which enforces civil rights laws in the workplace, decided last month to discharge any complaints based on “disparate impact liability,” which holds that policies that are neutral on their face can be discriminatory if they impose unnecessary barriers that disadvantage different demographic groups.",Social Disruption ,Signpost - Rollback of gender-conscious and racial equity programs,,,,,https://apnews.com/article/amazon-eeoc-discrimination-disparate-impact-trump-447a580ff7f50987d49a64570596a137,,
10/22/2025,"The University of Virginia, facing immense pressure from the White House, struck a deal with the Trump administration on Wednesday that removed, at least temporarily, the threat of a federal investigation. The Justice Department announced the deal. It was the first time a public university had cut a far-reaching agreement with the Trump administration, which is carrying out an extraordinary campaign to shift the ideological tilt of the higher education system.",Political Disruption,Signpost - Politicization or repurposing of protective institutions for political objectives,4,Education Systems,"youth, Education practitioners",indirect,https://www.nytimes.com/2025/10/22/us/politics/university-of-virginia-trump-agreement.html,https://www.nytimes.com/2025/10/21/us/politics/trump-virginia-university.html,Procedural/Institutional
10/22/2025,"The Minnesota Supreme Court on Wednesday delivered a win to a transgender weightlifter, saying she’s protected by the state’s expansive human rights law, while the organization that banned her from competing in its women’s division said it still has a chance. The high court found that USA Powerlifting’s policy that bars JayCee Cooper from competing in its women’s division is “facially discriminatory” under the Minnesota Human Rights Act. That law protects transgender individuals against discrimination based on sexual orientation.",Social Progression,Signpost - Judicial recognition of gender identity within human rights frameworks,-2,State Government,transgender and gender-diverse individuals,no,https://www.nbcnews.com/health/health-care/obamacare-aca-premiums-climb-uninsured-rcna238048,https://apnews.com/article/minnesota-transgender-athlete-gender-sports-supreme-court-de59a64b128ed46e6ca486732d16d739 ,Procedural/Institutional
10/22/2025,"California gubernatorial candidate Betty Yee has said she is open to the idea of a gender-neutral Olympics in a new interview. In an interview on Piers Morgan Uncensored, the Democratic candidate advocated for female transgender athletes being allowed to compete in the prestigious competition.",Status Quo,,0,Cultural/Media Institutions,trans and non binary athletes,no,https://www.independent.co.uk/news/world/americas/us-politics/betty-yee-gender-neutral-olympics-b2849999.html,,Discursive/Symbolic
10/22/2025,"New Jersey has launched legal action against Amazon.com, accusing the company of unlawfully denying workplace accommodations to disabled or pregnant warehouse staff, and firing some who sought them. The lawsuit, filed Wednesday by Attorney General Matthew Platkin's office, marks the latest scrutiny of Amazon's vital warehouse workforce. New Jersey claims the firm routinely denies reasonable requests – like time off or lifting limits – placing workers on unpaid leave, in breach of state anti-discrimination law.",Status Quo,,0,State Government,women and girls,no,https://www.independent.co.uk/news/world/americas/amazon-new-jersey-discrimination-pregnant-disabled-workers-b2850463.html,,Procedural/Institutional
10/22/2025,Women taken into custody by U.S. immigration agents while pregnant say they received inadequate care in a letter Wednesday that calls on the Trump administration to stop holding expectant mothers in federal detention facilities.The letter to U.S. Immigration and Customs Enforcement is part of a broader campaign in recent months by Democrats and immigrant rights groups to draw attention to what they say is the mistreatment of pregnant detainees.,Political Disruption,"Signpost - Legislative or executive actions restricting reproductive, gender, or workplace rights",,,,no,https://apnews.com/article/ice-pregnant-detainees-aclu-811f9f6b10ef42cc51c7c7d154046a30,https://abcnews.go.com/US/wireStory/immigrant-rights-group-calls-removing-pregnant-women-detention-126757030 ,
10/22/2025,"On Wednesday, a group of attorneys, advocates and abortion providers launched Reproductive Futures, a group that aims to increase the number of telehealth services offering medication abortion and other reproductive care in the United States and bolster legal protections for their workers and volunteers. The growing popularity and availability of medication abortion has made it a top target for the antiabortion movement, with conservative officials pursuing fines and jail time for providers they suspect of mailing the drugs across state lines in defiance of local laws.",Social Progression,Signpost- Expansion of gender-responsive healthcare services,-1,Healthcare Systems,"women and girls, Reproductive healthcare patients and providers",no,https://www.washingtonpost.com/nation/2025/10/22/abortion-pills-access-reproductive-futures/ ,,Material Impact
10/23/2025,"On November 5, 2024, Delaware State Senator Sarah McBride is elected to the U.S. House of Representatives, becoming the first openly transgender candidate to win a seat in Congress.",Political Progression ,,,,,,https://www.history.com/this-day-in-history/november-5/first-transgender-member-of-congress,,
10/24/2025,"Nonprofits working to combat domestic violence and sexual assault have notched a string of legal wins as they push back against efforts by the Trump administration to put restrictions on work that goes against the administration’s views. A series of lawsuits has, at least temporarily, blocked the administration from enforcing restrictions on millions of dollars of funding for upcoming grants and forced it to return grants it took away from some nonprofits working with LGBTQ+ victims.",Political Progression ,,,,,,https://19thnews.org/2025/10/domestic-violence-nonprofits-trump-courts/,,
10/25/2025,"Pregnancy centers in the U.S. that discourage women from getting abortions have been adding more medical services — and could be poised to expand further. The expansion — ranging from testing and treatment for sexually transmitted infections to even providing primary medical care — has been unfolding for years. It gained steam after the Supreme Court overturned Roe v. Wade three years ago, clearing the way for states to ban abortion.",Political Disruption,Signpost - Politicization or repurposing of protective institutions for political objectives,2,Healthcare Systems,"women and girls, Reproductive healthcare patients and providers",no,https://apnews.com/article/abortion-pregnancy-centers-crisis-medicaid-913614d7622a67af17cdf24339e8e700,,Material Impact
10/27/2025,Planned Parenthood of Wisconsin resumed scheduling abortions on Monday after a nearly monthlong pause due to federal Medicaid funding cuts in President Donald Trump’s tax and spending bill that took effect at the beginning of October.,Social Progression,Signpost- Restoration of reproductive and gender-affirming services following institutional pause,-1,Healthcare Systems,"women and girls, Reproductive healthcare patients and providers",no,https://apnews.com/article/wisconsin-abortion-trump-medicaid-resume-d27000f1b7d32f870368f808609536a3,,Material Impact
10/28/2025,A federal judge in Oregon has blocked President Donald Trump’s administration from pulling sexual education funding over curricula mentioning diverse gender identities.,Political Progression ,,,,,,https://apnews.com/article/sex-ed-funding-gender-lawsuit-trump-7b74ae73a60b3900f4e1c126abd4bf80,,
10/29/2025,"A federal judge has dealt a fresh blow to the Trump administration’s attempt to crack down on doctors who provide gender-affirming care to transgender people. U.S. District Judge Jamal Whitehead ruled that a wide-ranging subpoena the Justice Department served in June on QueerDoc, a medical practice offering gender-affirming care online, cannot be enforced because the demand was not part of a legitimate law enforcement investigation.",Political Progression ,"Signpost - Judicial rulings or injuctions that reinforce, expand, or affirm gender, reproductive, or LGBTQ+ rights",-3,Federal Judiciary,Healthcare practitioners,no,https://www.politico.com/news/2025/10/29/doj-subpoena-gender-affirming-care-ruling-00627891,,Procedural/Institutional
10/29/2025,The Alaska Supreme Court is weighing a case that is expected to determine who can provide abortion care in the state. The court heard arguments Wednesday in a 2019 case challenging the constitutionality of a law that states only a doctor licensed by the State Medical Board can perform an abortion in Alaska.,Social Disruption ,"Signpost - Service withdrawal or denial driven by anticipated legal, financial, or political retaliation",2,State Government,"women and girls, Reproductive healthcare patients and providers",no,https://apnews.com/article/alaska-abortion-planned-parenthood-law-challenged-01e55744601e1c1354b8505002a520b8,,Procedural/Institutional
10/30/2025,"After weeks of nerve-racking anticipation, Paramount finally followed through with its “tough day” of layoffs, which included letting roughly 100 CBS News employees go on Wednesday. All told, the sweeping cuts resulted in the loss of two streaming shows, the gutting of the network’s Saturday morning news program, and the disbanding of its race and culture unit. On top of that, eight on-air correspondents and hosts were given their pink slips – and all of them are women, with half of them people of color.",Economic Disruption ," Signpost - Cuts  or divestments in federal scientific, evidence-based research, or mass media related to equity, gender, or social policy",2,Corporate/Private Sector,"women and girls, Marginalized ethnicity groups",indirect,https://www.independent.co.uk/news/world/americas/cbs-news-layoffs-eight-women-b2855655.html,Note: erosion of diversity weakens informational integrity,Material Impact
10/30/2025,"Starting Friday, primary care services will no longer be available at Maine Family Planning clinics in Presque Isle, Houlton and Ellsworth after the Trump administration barred federal Medicaid funding from going to the reproductive care provider.",Economic Disruption ,Signpost - Punitive withdrawal of federal welfare funding to compel state compliance with executive policy priorities,3,State Government,"Reproductive healthcare patients and providers, women and girls",,https://mainemorningstar.com/briefs/maine-family-planning-shutters-primary-care-practices-due-to-loss-of-medicaid-funding/,,Material Impact
10/30/2025,Access to gender-affirming care for transgender youth will be dramatically restricted by the Trump administration under new proposals by the Department of Health and Human Services. NPR has obtained the draft text of a proposed rule that would prohibit federal Medicaid reimbursement for medical care provided to transgender patients younger than age 18. It also prohibits reimbursement through the Children's Health Insurance Program or CHIP for patients under age 19.,Political Disruption,Signpost - Politicization or repurposing of protective institutions for political objectives,2,Federal Agencies,"Healthcare practitioners, transgender and gender-diverse youth",no,https://www.npr.org/sections/shots-health-news/2025/10/30/nx-s1-5588655/transgender-trump-medicare-medicaid-gender-affirming-care,,Procedural/Institutional
10/30/2025,"The U.S. Food and Drug Administration violated the law by imposing restrictions on accessing mifepristone, a medication for abortions and miscarriage management, a federal judge in Hawaii ruled Thursday.",Political Progression ,"Signpost - Judicial rulings or injuctions that reinforce, expand, or affirm gender, reproductive, or LGBTQ+ rights",-3,Federal Agencies,"Reproductive healthcare patients and providers, Healthcare practitioners, women and girls",no,https://abcnews.go.com/Politics/wireStory/federal-judge-hawaii-rules-fda-violated-law-restricting-127039303,https://apnews.com/article/abortion-medication-mifepristone-hawaii-trump-fda-ruling-eb0f3d6985198f119bb7ffdceb2008a4,Procedural/Institutional
10/31/2025,"In October 2025, the Trump administration published a Presidential Determination in the Federal Register that limits refugee admissions to the U.S. to 7,500 in 2026. This study examines the implications of the cap for LGBTQI+ refugees awaiting resettlement in the U.S.",Diplomatic Disruption,Signpost - US foreign policy actions or statements aligning with domestic conservative agendas on gender and sexuality ,2,Federal Executive,"Marginalized ethnicity groups, LGBTQ+ individuals",no,https://williamsinstitute.law.ucla.edu/publications/refugee-cap-impact-lgbtqi/,,Procedural/Institutional
10/31/2025,"A U.S. Senate investigation has uncovered dozens of credible reports of medical neglect and poor conditions in immigration detention centers nationwide — with detainees denied insulin, left without medical attention for days and forced to compete for clean water — raising scrutiny about how the government oversees its vast detention system. The report released by Sen. Jon Ossoff, a Democrat from Georgia, is the second in a series of inquiries examining alleged human rights abuses in the immigration detention system. It builds on an August review that detailed mistreatment of children and pregnant women and draws from more than 500 reports of abuse and neglect collected between January and August.",Political Disruption,Signpost - Politicization or repurposing of protective institutions for political objectives,2,Federal Legislative,"women and girls, Marginalized ethnicity groups",yes,https://www.pbs.org/newshour/politics/senate-report-details-dozens-of-cases-of-medical-neglect-in-federal-immigration-detention-centers,,Procedural/Institutional
11/3/2025,"An injection of $450 million for WIC comes as the Trump administration announced it would only fund partial benefits for another food aid program, the Supplemental Nutrition Assistance Program, or SNAP, for November.",Political Disruption,"Signpost - Legislative or executive actions restricting reproductive, gender, or workplace rights",2,Federal Agencies,Beneficiaries of federal programs,no,https://www.nytimes.com/2025/11/03/us/politics/wic-snap-food-aid.html,,Material Impact
11/4/2025,"Two lawsuits have been filed against Donald Trump's Department of Education over its new policy that prevents workers of LGBTQ+ nonprofits from receiving student loan forgiveness. The department published a rule in the Federal Register on Friday that allows the Secretary of Education, Linda McMahon, to disqualify government and nonprofit employers that do not align with the Trump administration’s agenda from participating in the Public Service Loan Forgiveness (PSLF) program.",Political Disruption,"Signpost - Judicial challenges seeking to weaken, reinterpret, or overturn gender-related civil rights precedents",2,Federal Executive,Arts institutions & LGBTQ+-serving cultural organizations,no,https://www.advocate.com/politics/student-loan-forgiveness-lgbtq-lawsuit,,Procedural/Institutional
11/5/2025,"With a third of Augusta school board seats on the ballot Tuesday, city residents backed all three candidates that were supported by the Maine Democratic Party, rejecting at least one challenger who campaigned on rolling back the district’s inclusive transgender policy.",Political Progression ,Signpost - Electoral defeats or losses among candidates campaigning on gender-restrictive or exclusionary platforms,-2,Local/Municipal Government,"local residents, elected officials",no,https://mainemorningstar.com/2025/11/05/augusta-voters-reject-school-board-candidate-that-sought-to-overturn-transgender-protections/,,Procedural/Institutional
11/6/2025,"The Supreme Court has scheduled a private conference for Friday to decide whether to hear a challenge brought by former Kentucky county clerk Kim Davis, which urges the Supreme Court to overturn Obergefell v. Hodges. Matthew Staver, attorney for Davis, told Newsweek last month that Obergefell ""has no basis in the Constitution,"" saying the decade-old decision ""could be overruled without affecting any other cases.""",Status Quo,,0,Federal Judiciary,LGBTQ+ individuals,no,https://www.newsweek.com/supreme-court-gay-marriage-jim-obergefell-warning-precedent-tested-10999490,https://www.nytimes.com/2025/11/10/us/politics/supreme-court-same-sex-marriage.html,Procedural/Institutional
11/6/2025,"The US Supreme Court will allow the Trump administration to require all new passports to display an individual's biological sex at birth, for now. The conservative-majority court on Thursday froze an order from a lower court in Massachusetts that had stopped the US government from changing its policy, while the legal process played out.",Hybrid Political/Social Disruption,Signpost - Changes to legal recognition of gender and family structure ,3,Federal Agencies,transgender and gender-diverse individuals,indirect,https://www.bbc.com/news/articles/c2em442nyrwo,,Material Impact
11/7/2025,"Florida’s attorney general has filed a lawsuit against Planned Parenthood, claiming the organization is “misrepresenting the safety” of abortion pills.",Political Disruption,Signpost - Politically driven misinformation or conspiracy narratives about gender diversity and reproductive health,1,Federal Judiciary,"women and girls, Reproductive healthcare patients and providers",no,https://apnews.com/article/florida-medication-abortion-lawsuit-planned-parenthood-6494355a10b48334269cd4bf759d25e0,,Procedural/Institutional
11/8/2025,Male drivers for Uber and Lyft are suing the companies over a feature that lets users hail only women drivers. The dual class action suits allege that the functions—which followed thousands of sexual harassment and assault lawsuits against Uber and Lyft over the years— have limited the economic opportunities for men and discriminated against them because of their gender.,Political Disruption,,,,,,https://time.com/7332356/uber-lawsuit-sex-discrimination-lyft/,,
11/10/2025,The justices on Monday turned away an appeal from a former Kentucky court clerk who refused to issue marriage licenses to same-sex couples after the Supreme Court’s 2015 ruling.,Status Quo,,-1,Federal Judiciary,LGBTQ+ individuals,no,https://ca.news.yahoo.com/kentucky-lgbtq-rights-advocate-reacts-222022370.html,,Procedural/Institutional
11/11/2025,"A Virginia transportation security officer is accusing the U.S. Department of Homeland Security of sex discrimination over a policy that bars transgender officers from performing security screening pat-downs, according to a federal lawsuit.",Status Quo,,0,Federal Judiciary,trans and non-binary federal workforce,no,https://apnews.com/article/transgender-tsa-trump-pat-downs-homeland-security-airport-c8cc93725cf71f02683e71e04d143141,,Procedural/Institutional
11/12/2025,U.S. Catholic bishops voted Wednesday to make official a ban on gender-affirming care for transgender patients at Catholic hospitals. The step formalizes a yearslong process for the U.S. church to address transgender health care.,Political Disruption,,2,,,,https://www.npr.org/2025/11/12/g-s1-97651/gender-affirming-care-ban-catholic-hospitals,,Procedural/Institutional
11/13/2025,"The Texas A&M University system’s board voted unanimously Thursday to ban courses that advocate for “race or gender ideology, or topics related to sexual orientation or gender identity,” unless faculty members have prior approval from their campus president.",Political Disruption,Signpost - Politicization or repurposing of protective institutions for political objectives,3,Education Systems,"youth, Academic and public health researchers",no,https://www.chronicle.com/article/texas-a-m-system-sharply-restricts-how-faculty-can-teach-about-race-and-gender,,Procedural/Institutional
11/14/2025,,,,,,,,,,
11/15/2025,,,,,,,,,,
11/16/2025,"Sending women who get abortions to prison for decades. Outlawing IUDs. Sharply restricting in-vitro fertilization. These are the strictest abortion prohibitions and punishments in the nation being considered by South Carolina lawmakers, even as opponents of the procedure are divided over how far to go. The bill faces a long legislative path and uncertain prospects, even if it clears the state Senate subcommittee that’s reviewing it.",Status Quo,,2,State Government,"women and girls, Reproductive healthcare patients and providers",no,https://apnews.com/article/abortion-strict-restrictions-south-carolina-bill-9032d596637c4d44fe65ced069851cc3,,Procedural/Institutional
11/17/2025,,,,,,,,,,
11/18/2025, More than 60 members of the congressional Democratic Women’s Caucus Tuesday sent a letter to the head of U.S. Immigration and Customs Enforcement raising “extreme concerns” about the treatment of pregnant immigrants in detention. ,Political Progression ,"Signpost - State or federal policy actions that establish, reinstate, or expand gender, reproductive, or LGBTQ+ protections",-1,Federal Legislative,"women and girls, Marginalized ethnicity groups",no,https://mainemorningstar.com/2025/11/18/repub/members-of-democratic-caucus-press-ice-for-answers-on-detainment-of-pregnant-women/,,Procedural/Institutional
11/19/2025,"Donald Trump's decision to tell a female reporter 'Quiet, piggy' during a press gaggle on Air Force One has triggered an unexpected debate online about coded language, queer identity slang and the deeper meaning behind his choice of words.",Social Disruption ,Signpost - Normalization of gender-based derogatory rhetoric by political leadership,1,Federal Executive,women and girls,no,https://www.inkl.com/news/trump-s-quiet-piggy-remark-sparks-questions-about-lgbtq-identity-signals,,Societal Behavior and Norms
11/20/2025,"The Trump administration is overhauling the State Department’s annual reports on global human rights, emphasizing entitlements “given to us by God, our creator” and issuing new guidance for U.S. diplomats to scrutinize the prevalence of abortion and gender-transition surgery among children.",Diplomatic Disruption,Signpost - US foreign policy actions or statements aligning with domestic conservative agendas on gender and sexuality ,2,Federal Agencies,women and LGBTQ+ beneficiaries,yes,https://www.washingtonpost.com/national-security/2025/11/20/trump-rubio-human-rights-report/,,Material Impact
11/20/2025,"The U.S. government on Thursday released a new crash test dummy design that advocates believe will help make cars safer for women. The Department of Transportation will consider using the dummy in the government’s vehicle crash test five star-ratings once a final rule is adopted, the agency said in a news release.",Social Progression,Signpost - Establishment or reinstatement of gender-conscious or equity-oriented protection programs,-1,Federal Agencies,women and girls,no,https://apnews.com/article/new-female-crash-test-dummy-design-228864ac691793f70372b103e305dc1d,,Material Impact
11/20/2025,"Healthcare providers across the country have closed clinics and hospital wards in the four months since Donald Trump signed into law the One Big Beautiful Bill Act, the landmark tax-and-spending legislation that will lead an estimated 10 million people to lose their health insurance. Rural hospitals and obstetric wards will be disproportionately battered, since they are typically expensive to run and serve high numbers of Medicaid beneficiaries. ",Hybrid Political/Social Disruption,Signpost - Politically motivated withholding of welfare funding and services targeting women or marginalized populations,4,Healthcare Systems,"women and girls, Reproductive healthcare patients and providers",no,https://www.theguardian.com/business/2025/nov/20/hospitals-shutdown-trump-healthcare-cuts,,Material Impact
11/20/2025,"A federal judge dismissed the case against a woman shot by a Border Patrol agent who had accused her of ramming into his vehicle in October in a significant reversal in one of the government’s most high-profile criminal cases tied to the Trump administration’s Chicago-focused “Operation Midway Blitz.”
",Social Disruption ,Signpost - Failing accountability mechanisms following state violence against women or marginalized groups,2,Federal Judiciary,"women and girls, Marginalized ethnicity groups",no,https://www.washingtonpost.com/nation/2025/11/20/martimar-martinez-shooting-chicago/,,Procedural/Institutional
11/20/2025,"White House press secretary Karoline Leavitt on Thursday defended President Donald Trump’s decision to call a female reporter “Piggy” on Air Force One, claiming the insult reflected the “frankness” that helped him win a second term.",Social Disruption ,Signpost - Normalization of gender-based derogatory rhetoric by political leadership,1,Federal Executive,women and girls,no,https://www.washingtonpost.com/politics/2025/11/20/trump-reporters-piggy/,,Discursive/Symbolic
11/20/2025,The board overseeing Alabama public libraries on Thursday voted to remove books that discuss being transgender from the teen and children’s sections of all public libraries in the state.,Social Disruption ,Signpost - Rollback of gender-conscious and racial equity programs,3,State Government,transgender and gender-diverse youth,no,https://apnews.com/article/libraries-transgender-books-8f96ee2564c8e485880a26eb8973b3cb,,Procedural/Institutional
11/21/2025,"The State Department’s next human rights report will move away from calling out the persecution of marginalized groups such as women, ethnic and racial minorities, people with disabilities and the LGBTQ+ community and instead focus on the “natural rights” of the individual, a senior State Department official said Thursday.
",Diplomatic Disruption,Signpost - US foreign policy actions or statements aligning with domestic conservative agendas on gender and sexuality ,2,Federal Agencies,"women and girls, Marginalized ethnicity groups, LGBTQ+ individuals",yes,https://www.nbcnews.com/politics/trump-administration/tump-administration-reshapes-focus-human-rights-report-minorities-dei-rcna245100,,Material Impact
11/21/2025,"The Ohio police officer who shot and killed Ta’Kiya Young, a pregnant Black mother who had been accused of shoplifting, was acquitted on all counts Friday, including murder.",Social Disruption ,Signpost - Failing accountability mechanisms following state violence against women or marginalized groups,2,State Government,"women and girls, Marginalized ethnicity groups",no,https://apnews.com/article/takiya-young-connor-grubb-officer-shooting-shoplifting-ab9b30a450f7cc2ed051f15c73305a34,,Procedural/Institutional
11/21/2025,"The Alabama Public Library Service Board of Directors voted Thursday to remove books about transgender people or that state there are more than two genders from the children’s section of public libraries. The new rule says books about “transgender procedures, gender ideology or the concept of more than two biological genders” have to be placed in the adult section.",Social Disruption ,"Signpost - Restriction/erasure of public information or resources pertaining to progressive gender ideologies, reproductive health, gender affirming healthcare",1,State Government,transgender and gender-diverse youth,no,https://thehill.com/homenews/education/5617277-alabama-library-board-transgender-lgbtq/,,Procedural/Institutional
11/22/2025,,,,,,,,,,
11/23/2025,,,,,,,,,,
11/24/2025,,,,,,,,,,
11/25/2025,,,,,,,,,,
11/26/2025,,,,,,,,,,
11/27/2025,,,,,,,,,,
11/28/2025,,,,,,,,,,
11/29/2025,,,,,,,,,,
11/30/2025,,,,,,,,,,
12/1/2025,,,,,,,,,,
12/2/2025,"A federal judge has again blocked a provision Congress passed in July that stripped federal Medicaid funding from Planned Parenthood affiliates, ruling that the language likely places an unconstitutional burden on states to apply vague criteria about the scope of the ban. Acting on a lawsuit filed in July by 22 Democratic-led states, U.S. District Judge Indira Talwani issued a preliminary injunction Tuesday prohibiting the Trump administration from requiring states to figure out which of their health care providers are covered by the ban and stop funding the non-abortion services the clinics provide to Medicaid patients.",Political Progression ,"Signpost - Judicial rulings or injuctions that reinforce, expand, or affirm gender, reproductive, or LGBTQ+ rights",-4,Federal Judiciary,"women and girls, Reproductive healthcare patients and providers",no,https://www.politico.com/news/2025/12/02/judge-blocks-provision-of-law-that-strips-medicaid-funding-for-planned-parenthood-affiliates-00673962?_hsenc=p2ANqtz-_0CRjID8blD8robcS9iUPW_hg2xXJW32O0abiTNKjvIzg6LoeDxXZFRrQr6k3QIqpYf6V1Dy93fbCpQagYc5vF97U3QB3F_vZnoEd2cPneD4mzqKA&_hsmi=392780286&utm_campaign=KHN:+Daily+Health+Policy+Report&utm_content=392780286&utm_medium=email&utm_source=hs_email,,Procedural/Institutional
12/2/2025," The Supreme Court seemed likely on Tuesday to side with a faith-based pregnancy center raising First Amendment concerns about an investigation into whether it misled people to discourage abortions.
",Status Quo,,0,Federal Judiciary,Reproductive healthcare patients and providers,no,https://apnews.com/article/supreme-court-abortion-opponents-appeal-investigation-445af6cd705c6c59097efdf9377dd0ce,,Procedural/Institutional
12/2/2025,Texas Tech University system’s chancellor this week restricted how faculty can teach about race and said professors who teach about gender identity and sexual orientation will be required to submit their course material to a review process overseen by the Board of Regents.,Social Disruption ,Signpost - Federal/state government intervention in educational curricula appealing towards more traditional views on gender and sexuality,2,Education Systems,youth,no,https://www.chronicle.com/article/at-texas-tech-professors-now-need-permission-to-teach-about-race-and-gender,,Material Impact
12/3/2025,,,,,,,,,,
12/4/2025,"A Missouri appeals court panel ordered new wording Thursday for a ballot measure seeking to roll back abortion rights in the state, ruling that voters must be told the amendment would repeal “reproductive healthcare rights” they approved just one year ago.",Political Progression ,"Signpost - State and federal expansion or continued protections of gender, reproductive, or  LGTBQ+ frameworks",-2,State Government,local residents,no,https://apnews.com/article/abortion-rights-missouri-ballot-measure-fa52c65a679621f313e6a2b34b1d9443,https://apnews.com/article/abortion-rights-missouri-ballot-measure-fa52c65a679621f313e6a2b34b1d9443,Material Impact
12/4/2025,"The Department of Justice issued guidance expanding the definition of “domestic terrorism” to include organizations associated with “radical gender ideology,” directing the FBI to prioritize investigations and establish reporting mechanisms targeting these groups. The change broadens federal surveillance and enforcement authority over civil society actors and protest movements.",Security Disruption,Signpost - Expansion of state surveillance on women's and LGBTQ+ rights organizations,4,Federal Executive,Human rights advocates/activists,yes,https://ca-times.brightspotcdn.com/6a/6c/c5feff2a460baba3db6b96ded309/attorney-general-bondi-memorandum-re-nspm-7-ag-guidance-12-4-2025.pdf,,Procedural/Institutional
12/5/2025,"The US Department of Justice has moved to eliminate rules protecting LGBTQ+ people from sexual abuse in prisons, a shift advocates say is “reckless and dangerous” and will lead to increased assaults behind bars. A justice department memo issued on Tuesday said “effective immediately”, prisons and jails will no longer be held responsible for violations of standards meant to shield LGBTQ+ people from harassment, abuse and rape. It also directed inspectors to stop auditing facilities for compliance with those protections. The justice department is in the process of seeking formal updates to the rules, the memo said.",Hybrid Political/Social Disruption,Signpost - Reduction of protections against gender-based violence ,4,Federal Agencies,"trans and non-binary inmates, LGBTQ+ individuals",indirect,https://www.theguardian.com/us-news/2025/dec/05/doj-prison-lgbtq-sexual-abuse-protections,,Procedural/Institutional
12/6/2025,,,,,,,,,,
12/7/2025,,,,,,,,,,
12/8/2025,A federal judge in Philadelphia became the fourth in the nation last month to rule against the Trump administration by blocking its demand for the identities and medical records of transgender children being treated at one the nation’s preeminent pediatric hospitals.Transgender health advocates and an attorney in the Children’s Hospital of Philadelphia case said the favorable decision is encouraging for the patients and the broader transgender community. But it’s only one battle won against the Trump administration’s campaign against transgender health care.,Political Progression ,Signpost - State and federal rulings in favor of LGTBQ+ and gender-diverse rights,-1,Federal Judiciary,,,https://penncapital-star.com/civil-rights-social-justice/transgender-health-advocates-see-long-fight-to-keep-childrens-medical-records-private/,,Procedural/Institutional
12/8/2025,"The Department of Justice (DOJ) will potentially treat opponents of President Donald Trump’s policies as “domestic terrorists,” according to a leaked memo from Attorney General Pam Bondi to all U.S. law enforcement agencies. The document, which was first published over the weekend by investigative journalist Ken Klippenstein, appears to represent the first attempt to implement Trump’s calls to target left-wing activists and others who protest his administration’s policies as “terrorists” affiliated with antifa, an anti-fascist movement that often serves as a boogeyman for the right.",Security Disruption,Signpost - Expansion of state surveillance on women's and LGBTQ+ rights organizations,3,Federal Executive,Human rights advocates/activists,yes,https://www.democracydocket.com/news-alerts/leaked-memo-bondi-doj-list-target-anti-trump-activists-domestic-terrorists/,,Procedural/Institutional
12/9/2025,"At least 23 independent clinics have closed this year, according to a report released Tuesday by Abortion Care Network, compared with 12 last year. Most were in states with abortion-rights protections, the report found. Independent providers face less recognition than Planned Parenthood and ongoing barriers to funding. Donations to abortion clinics and funds have waned, leading to more out-of-pocket costs for patients, States Newsroom reported last year.  ",Social Disruption ,"Signpost - Service withdrawal or denial driven by anticipated legal, financial, or political retaliation",3,Healthcare Systems,"women and girls, Reproductive healthcare patients and providers",,https://www.newsfromthestates.com/article/abortion-patients-most-often-rely-independent-clinics-more-closed-2025-report-shows,,Material Impact
12/10/2025,A federal judge in New York on Wednesday granted the Justice Department’s request to unseal grand jury records in Jeffrey Epstein’s 2019 sex trafficking case. The move comes a day after a separate judge ordered the release of grand jury records related to Ghislaine Maxwell.,Political Progression ,Signpost - Continued protections via accountability mechanisms,-1,Federal Judiciary,,,https://www.nbcnews.com/politics/justice-department/new-york-judge-orders-release-jeffrey-epstein-grand-jury-records-rcna248393,https://www.hhs.gov/press-room/hhs-acts-bar-hospitals-performing-sex-rejecting-procedures-children.html,Procedural/Institutional
12/11/2025,,,,,,,,,,
12/12/2025,,,,,,,,,,
12/13/2025,,,,,,,,,,
12/14/2025,,,,,,,,,,
12/15/2025,,,,,,,,,,
12/16/2025,"The Justice Department has instructed the Federal Bureau of Investigation to crack down on supposed “domestic terrorist” organizations, the definition of which includes those who promote “radical gender ideology.” Part of that crackdown involves the establishment of a cash reward system for providing information on leaders of so-called “domestic terrorist organizations.”",Security Disruption,Signpost - Expansion of state surveillance on women's and LGBTQ+ rights organizations,4,Federal Executive,Human rights advocates/activists,yes,https://www.them.us/story/pam-bondi-doj-fbi-cash-bounty-radical-gender-ideology-nihilistic-violent-extremists,,Procedural/Institutional
12/17/2025,"The House passed the Protect Children’s Innocence Act largely along party lines (216-211). The bill, if it becomes law, would open health care providers to felony charges — and up to 10 years in prison — if they treat young people under the age of 18 with puberty blockers, hormones and surgeries. The legislation would also punish anyone — including parents — who consents to or transports a minor to the care.",Political Disruption,"Signpost - Legislative or executive actions restricting reproductive, gender, or workplace rights",3,Federal Legislative,"Healthcare practitioners, transgender and gender-diverse youth",no,https://www.washingtonpost.com/nation/2025/12/17/marjorie-taylor-greene-trans-care-ban/,https://www.aclu.org/press-releases/aclu-condemns-house-passage-of-bill-to-criminalize-transgender-health-care,Procedural/Institutional
12/17/2025,Protesters and ICE agents clash as an officer arrests and drags a woman by her arm at West 29th Street and Pillsbury Avenue in south Minneapolis on Monday.,Security Disruption,Signpost - Federal enforcement actions triggering public confrontation or civil unrest,2,Federal Agencies,"women and girls, Marginalized ethnicity groups",yes,https://apnews.com/video/ice-agent-drags-woman-through-minneapolis-street-daf93659a5f543a8bae2ac326e410748,,Societal Behavior and Norms
12/18/2025,"The U.S. Department of Health and Human Services on Thursday unveiled a series of regulatory actions designed to block access to gender-affirming care for minors, building on broader Trump administration restrictions targeting transgender Americans.
",Political Disruption,"Signpost - Legislative or executive actions restricting reproductive, gender, or workplace rights",3,Federal Agencies,"transgender and gender-diverse youth, people with gender dysphoria",no,https://apnews.com/article/trump-hhs-rfk-transgender-therapy-medicaid-64262c23cd1fb562a5d5e191d397014e,,Procedural/Institutional
12/18/2025,"U.S. Secretary of Health and Human Services Robert F. Kennedy Jr. moved on Thursday to cut children's access to gender-affirming care, marking one of the Trump administration's most sweeping restrictions yet on transgender healthcare.Kennedy proposed rules barring hospitals that deliver such care from Medicare and Medicaid programs and prohibiting Medicaid and the Children's Health Insurance Program from paying for it.",Political Disruption,"Signpost - Legislative or executive actions restricting reproductive, gender, or workplace rights",4,Federal Agencies,"transgender and gender-diverse youth, Beneficiaries of federal programs",no,https://www.reuters.com/world/us-health-secretary-kennedy-proposes-rules-cut-access-gender-affirming-care-2025-12-18/,,Procedural/Institutional
12/18/2025," Democrat Eileen Higgins was sworn in Thursday as Miami's first female mayor, two weeks after defeating a Republican endorsed by President Donald Trump.",Political Progression ,Signpost - Electoral defeats or losses among candidates campaigning on gender-restrictive or exclusionary platforms,-1,Local/Municipal Government,local residents,no,https://abcnews.go.com/Politics/wireStory/democrat-eileen-higgins-sworn-miamis-female-mayor-after-128535354,,Discursive/Symbolic
12/18/2025,"Congressman Brett Guthrie (KY-02), Chairman of the House Committee on Energy and Commerce, and Congressman Dan Crenshaw (TX-02), issued a statement following House passage of H.R. 498, the Do No Harm in Medicaid Act—legislation that prohibits federal Medicaid dollars from going toward specified gender transition procedures for individuals under the age of 18.",Status Quo,,1,Federal Agencies,"elected officials, transgender and gender-diverse youth",no,https://energycommerce.house.gov/posts/house-passes-energy-and-commerce-bill-to-stop-federal-medicaid-dollars-from-funding-medically-unnecessary-care-for-minors-1,,Discursive/Symbolic
12/18/2025,"Health Secretary Robert F. Kennedy Jr. in a press conference on Thursday, Dec. 18, signed a declaration that says “sex-rejecting procedures are neither safe nor effective treatment for children with gender dysphoria.”",Social Disruption , Signpost - Shifting societal norms and ongoing legal battles limiting the scope of gender identity and reproductive autonomy protections,2,Federal Agencies,transgender and gender-diverse youth,no,https://www.usatoday.com/story/news/politics/2025/12/18/transgender-health-care-minors-banned-trump-admin-rules/87826202007/,,Discursive/Symbolic
12/19/2025,"The Department of Health and Human Services (HHS or Department) issues this Notice of Proposed Rulemaking (NPRM) to revise 45 CFR 84.4(g) in the regulation implementing section 504 of the Rehabilitation Act of 1973 (section 504) as it applies to recipients of HHS funding (entitled “Nondiscrimination on the Basis of Disability in Programs or Activities Receiving Federal Financial Assistance,” 89 FR 40066 (“2024 Final Rule”)), published on May 9, 2024. This rule clarifies that the Department interprets the statutory exclusion of “gender identity disorders not resulting from physical impairments” from the definitions of “individual with a disability” and “disability” set forth at 29 U.S.C. 705(9) & (20)(F)(i), 42 U.S.C. 12211(b), to encompass “gender dysphoria not resulting from a physical impairment” for purposes of part 84. This clarification is necessary to resolve ambiguity introduced in the preamble to the 2024 Final Rule and to ensure compliance with the best reading of the plain language of the governing statute.",Political Disruption,"Signpost - Legislative or executive actions restricting reproductive, gender, or workplace rights",3,Federal Agencies,"transgender and gender-diverse individuals, people with gender dysphoria",no,https://www.federalregister.gov/documents/2025/12/19/2025-23484/nondiscrimination-on-the-basis-of-disability-in-programs-or-activities-receiving-federal-financial,,Procedural/Institutional
12/19/2025,"A Lake Tahoe school district is caught between California and Nevada's competing policies on transgender student athletes, a dispute that's poised to reorder where the district's students compete.",Political Disruption,"Signpost - Legislative or executive actions restricting reproductive, gender, or workplace rights",1,Education Systems,transgender and gender-diverse youth,no,https://abcnews.go.com/US/wireStory/california-school-district-nevada-caught-dispute-transgender-athlete-128545446,,Material Impact
12/19/2025,"Dr Mehmet Oz, Administrator of the Centers for Medicare and Medicaid, has warned against seeking gender-affirming care on price grounds, claiming it can cost as much as $150,000 to create a new penis. Speaking at a Department of Health and Human Services event on Thursday at which the administration unveiled a series of regulatory actions designed to effectively block access to gender-affirming care for minors, the former TV personality claimed that LGBT+ ideology was harmful to children. “We’re not gonna let taxpayer money go to hurt these children, and no children will no longer be hurt by this ideology,” Dr Oz said.",Political Disruption,Signpost - Politically driven misinformation or conspiracy narratives about gender diversity and reproductive health,2,Federal Agencies,transgender and gender-diverse youth,no,https://www.independent.co.uk/news/world/americas/us-politics/dr-oz-male-genitalia-cost-surgery-b2887913.html,,Discursive/Symbolic
12/19/2025,The Justice Department released thousands of records related to the late sex offender Jeffrey Epstein today after Congress passed bipartisan legislation last month forcing the release. The documents include photos and court records.,Political Progression ,Signpost - Continued protections via accountability mechanisms,-1,Federal Legislative,"victims of GBV, survivors of sexual violence",no,https://www.nbcnews.com/politics/justice-department/live-blog/epstein-files-release-trump-congress-live-updates-rcna245032,,Procedural/Institutional
12/19/2025,"America's new top health diplomat is Bethany Kozma. The job she took on this week — leading the Department of Health and Human Services Office of Global Affairs — does not have a high profile. And Kozma herself is not a familiar name in the world of public health. Kozma has a record of public statements and activism on health issues, equating abortion with ""murder"" and campaigning against gender-affirming care.",Status Quo,,1,Federal Agencies,elected officials,indirect,https://www.npr.org/sections/goats-and-soda/2025/12/19/g-s1-102765/americas-new-top-health-diplomat-has-strong-opinions-on-abortion-and-gender,,Discursive/Symbolic
12/19/2025,"The Justice Department faces a Friday deadline to release its files on Jeffrey Epstein, a convicted sex offender and wealthy financier known for his connections to some of the world’s most influential people, including Donald Trump, who as president had tried to keep the files sealed.
",Status Quo,,0,Federal Judiciary,"victims of GBV, survivors of sexual violence",no,https://apnews.com/article/release-epstein-files-justice-department-trump-f919d9dc9c3957cb2bd2c9c1a14b533c,,Procedural/Institutional
12/20/2025,,,,,,,,,,
12/21/2025,Abortion is again illegal in North Dakota after the state’s Supreme Court on Friday couldn’t muster the required majority to uphold a judge’s ruling that struck down the state’s ban last year.,Political Disruption,"Signpost - Judicial challenges seeking to weaken, reinterpret, or overturn gender-related civil rights precedents",4,State Government,"women and girls, Reproductive healthcare patients and providers, Healthcare practitioners",no,https://apnews.com/article/north-dakota-supreme-court-abortion-e6e44e83d0c7cfebc08a2825d0358832,,Procedural/Institutional
12/22/2025,"About 50 of Planned Parenthood’s nearly 600 clinics have shut down this year, largely because of Republican moves to cut the organization off from government money — fulfilling a long-held conservative dream to defund the nation’s largest abortion provider. Already prohibited from using federal funds for abortions, Planned Parenthood had relied on government dollars to provide other reproductive services for some two million patients a year, many of whom are low-income and use the clinics as a health care provider of last resort. As Planned Parenthood closures mount, a different kind of organization is seeking to fill the void: anti-abortion pregnancy centers. While the typically Christian-based centers have long provided pregnancy tests and counseling for women facing unexpected pregnancies, some have expanded to offer a range of medical services. The founder of the national Obria network, of which the Ames clinic is a member, described Obria as a “medical brand” intended to “attract women out of Planned Parenthood.”",Social Disruption ,,,,,,https://www.nytimes.com/2025/12/22/us/politics/planned-parenthood-christian-clinic.html?smid=nytcore-ios-share,,Material Impact
12/23/2025,"Today, Governor Ferguson released his proposed supplemental budget with strong support for the patients and providers of Planned Parenthood across Washington. The Governor pledged to include $8.5 million to fully restore previous cuts to the Abortion Access Project (AAP), on top of $15 million to backfill lost federal Medicaid reimbursements for Planned Parenthood patients. ",Political Progression ,"Signpost - State or federal policy actions that establish, reinstate, or expand gender, reproductive, or LGBTQ+ protections",-2,State Government,"Reproductive healthcare patients and providers, women and girls",no,https://www.plannedparenthoodaction.org/planned-parenthood-alliance-advocates/press-releases/governor-ferguson-pledges-to-restore-funding-for-abortion-access-project-in-supplemental-budget,,Material Impact
12/24/2025,"A coalition of 19 states and the District of Columbia on Tuesday sued the U.S. Department of Health and Human Services, its secretary, Robert F. Kennedy Jr., and its inspector general over a declaration that could complicate access to gender-affirming care for young people.The declaration issued last Thursday called treatments like puberty blockers, hormone therapy and surgeries unsafe and ineffective for children and adolescents experiencing gender dysphoria, or the distress when someone's gender expression doesn't match their sex assigned at birth. It also warned doctors that they could be excluded from federal health programs like Medicare and Medicaid if they provide those types of care.",Political Progression ,Signpost - State-level legal challenges seeking to block or overturn federal gender restrictive actions,-2,State Government,"transgender and gender-diverse youth, Pediatric healthcare providers",no,https://www.npr.org/2025/12/24/g-s1-103603/19-states-sue-hhs-over-youth-gender-affirming-care,,Procedural/Institutional
12/25/2025,"Tennessee will become the first state in the nation to launch a public domestic violence offender registry, a new tool supporters say could help prevent future violence by making repeat abusers easier to identify.",Social Progression,Signpost - Establishment or reinstatement of gender-conscious or equity-oriented protection programs,-3,State Government,victims of GBV,no,https://fox17.com/news/local/tennessee-to-launch-first-in-the-nation-domestic-violence-offender-registry-jan-1,,Procedural/Institutional
12/26/2025,,,,,,,,,,
12/27/2025,,,,,,,,,,
12/28/2025,,,,,,,,,,
12/29/2025,,,,,,,,,,
12/30/2025,"A judge has ordered a new trial for an Alabama woman who was sentenced to 18 years in prison following a stillbirth that her attorneys argued was caused by an infection rather than drug use. Lee County Circuit Judge Jeffrey Tickal vacated Brooke Shoemaker’s 2020 conviction for chemical endangerment of a child resulting in death. The judge wrote in a Dec. 22 ruling ordering another trial that the new information, if accepted by jurors, “lend toward the innocence of the offense.” Prosecutors are appealing the decision. Shoemaker is one of at least several dozen women who have been prosecuted following pregnancy loss and one of hundreds who have been prosecuted for pregnancy-related conduct, according to Pregnancy Justice, an advocacy organization helping with her appeal. Her 18-year sentence is one of the longest in such cases, according to the organization.",Status Quo,,-1,State Government,women and girls,no,https://abcnews.go.com/US/wireStory/judge-orders-new-trial-woman-sentenced-18-years-128782781,,Material Impact
12/31/2025," A new raft of California laws take effect on Thursday, underscoring the blue state’s outsize role as a regulatory engine and testing ground for policies that often ripple across the country. This year, Democratic lawmakers pushed through legislation on everything from reparations and policing to artificial intelligence, transportation and insurance coverage for IVF treatment. Most employer-sponsored health plans will have to cover infertility services, including three cycles of IVF. The requirement was originally supposed to begin in 2025, but was delayed to this year. At least 14 other states already have an IVF requirement.",Political Progression ,"Signpost - State or federal policy actions that establish, reinstate, or expand gender, reproductive, or LGBTQ+ protections",-2,State Government,women and girls,no,https://www.politico.com/news/2025/12/31/ivf-ai-california-new-laws-00701399?utm_content=user/politico&utm_source=flipboard,,Procedural/Institutional
12/31/2025,"Democrat Renee Hardman was elected to the Iowa state Senate on Tuesday in a year-end special election, denying Republicans from reclaiming two-thirds control of the chamber. Hardman, the CEO of nonprofit Lutheran Services of Iowa and a member of the West Des Moines City Council, becomes the first Black woman elected to the 50-member Senate.",Political Progression ,Signpost - Electoral defeats or losses among candidates campaigning on gender-restrictive or exclusionary platforms,-1,State Government,local residents,no,https://www.pbs.org/newshour/politics/democrat-renee-hardman-wins-iowa-state-senate-seat-blocking-gop-from-reclaiming-supermajority,,Societal Behavior and Norms